Employee_ID,Department,Job_Level,Education,Years_Experience,Age,Salary,Performance_Rating,Training_Hours_Annual,Overtime_Hours_Monthly,Sick_Days_Annual,Employee_Satisfaction,Years_at_Company,Remote_Work_Days
EMP_0001,Operations,Senior,High School,2,60,100417.05837417887,3.727797333581493,57,22,1,4.0544892157545895,15,1
EMP_0002,Engineering,Junior,PhD,19,36,64253.235828800935,3.4951106383260786,68,3,2,2.251179453690753,2,4
EMP_0003,Engineering,Director,High School,7,63,224417.78344408728,3.3943222970225544,102,33,5,3.0853659668669424,2,1
EMP_0004,Finance,Junior,PhD,10,27,61806.62110823151,3.5771569083241097,10,22,13,2.2312594423948497,15,3
EMP_0005,HR,Director,High School,20,28,166284.86667536007,3.921076732047245,6,14,4,4.0497887402693,7,1
EMP_0006,HR,Senior,Bachelor,23,47,87639.94690126785,4.378857484471586,12,18,1,3.809180385232782,12,1
EMP_0007,Engineering,Junior,PhD,17,44,77307.31608164872,4.688642104487937,89,39,9,2.8048439231351736,11,3
EMP_0008,HR,Junior,Master,6,31,46247.92482498658,4.409207103608345,70,12,6,3.717370872474419,17,2
EMP_0009,HR,Manager,PhD,1,38,124120.63159703794,3.768010794351988,46,15,11,4.0865885863127325,13,1
EMP_0010,Engineering,Lead,Bachelor,1,41,141250.37082177075,4.637432039560191,102,1,4,2.6939044439368263,3,4
EMP_0011,HR,Junior,Master,13,50,56438.217206781505,3.982942291405553,119,32,9,3.1966288781784695,13,0
EMP_0012,Sales,Junior,PhD,10,34,57697.59337906083,3.8831433619917837,113,7,13,4.033776342498985,1,1
EMP_0013,Engineering,Mid,PhD,17,46,96620.88963893848,3.803832648493331,50,37,2,3.966042509049361,13,1
EMP_0014,HR,Senior,PhD,14,31,101582.58756524893,3.1438551603852076,26,28,8,3.056125485771225,3,2
EMP_0015,Marketing,Lead,PhD,14,25,105758.42319636032,2.513383220965841,118,23,7,2.279980131109462,5,0
EMP_0016,Engineering,Manager,Bachelor,2,59,147242.9200721476,3.684679637511487,79,28,2,2.7675287911126762,3,0
EMP_0017,HR,Lead,PhD,2,59,125767.3292193989,3.512962946880463,17,2,13,3.507108942336841,0,1
EMP_0018,HR,Lead,PhD,1,29,102876.20302792251,4.703367493723912,82,28,6,3.01119915034283,8,1
EMP_0019,Finance,Senior,PhD,8,43,103219.2890522962,4.209607799712365,92,35,3,4.729614978830627,12,0
EMP_0020,Operations,Manager,Bachelor,16,46,131458.16116967436,4.805321652590077,110,20,11,4.795796444230034,4,0
EMP_0021,Sales,Senior,Master,18,61,81791.63251813182,4.089750898378391,38,1,8,3.174438062449835,13,1
EMP_0022,Marketing,Junior,PhD,17,41,62195.05606172038,3.934435284147061,117,19,6,3.479008197661516,19,1
EMP_0023,Operations,Mid,Bachelor,3,35,70226.35043078609,4.198825720913135,70,29,1,3.808850563794052,16,4
EMP_0024,Marketing,Lead,High School,6,56,135130.71548638958,4.795993669514083,113,0,0,2.9454290681082678,5,4
EMP_0025,Sales,Mid,Bachelor,19,28,71597.19866445423,3.4312984776114455,113,14,6,3.618514467661206,1,3
EMP_0026,Engineering,Junior,Master,13,52,70878.89607713876,2.742595396597153,2,34,13,3.438002512048869,2,3
EMP_0027,Marketing,Junior,Master,23,54,54534.37516669614,4.743262346666436,91,15,0,4.050846424671855,14,3
EMP_0028,Finance,Junior,PhD,13,46,59806.21945747893,4.959818909046163,90,1,7,2.901830406509614,16,4
EMP_0029,Engineering,Manager,Bachelor,19,27,169626.52712151816,2.905039592626327,89,28,1,2.8901938937317686,8,0
EMP_0030,Finance,Junior,PhD,14,61,68259.7400903551,3.1633938098521184,2,31,0,4.130484953962096,9,4
EMP_0031,Marketing,Director,PhD,5,27,206312.59177745195,2.871944140605259,83,17,3,2.2044577489656545,19,2
EMP_0032,HR,Mid,Bachelor,8,40,60154.03441018206,3.063746026125059,91,7,9,4.145770420911235,17,2
EMP_0033,Finance,Director,High School,14,61,221848.30292184703,2.5863625469124067,8,26,14,4.844757114854424,3,3
EMP_0034,Engineering,Director,PhD,6,51,185659.2464679887,4.266753018028641,24,32,14,4.57145917361373,19,2
EMP_0035,Finance,Lead,PhD,9,30,137230.31924770048,3.3388596838482156,23,18,12,3.201236331942612,19,4
EMP_0036,Sales,Senior,PhD,23,29,88393.73971463305,3.0152878217839225,100,16,7,4.6468283035898486,10,2
EMP_0037,HR,Manager,Bachelor,1,61,123789.500932545,2.8631593349261344,26,7,8,3.740156979058402,15,2
EMP_0038,Finance,Director,High School,4,61,199782.88280105105,2.7067988690316755,14,20,1,3.0045092386010577,8,1
EMP_0039,Finance,Director,Bachelor,0,44,177918.81858008448,2.7788740908111933,20,22,12,2.5474994962045745,5,3
EMP_0040,Operations,Manager,Master,6,33,154194.18765237444,4.144537682874512,84,28,3,2.612912353545298,8,0
EMP_0041,Operations,Junior,Master,8,59,56586.08378903592,2.8227529021201745,20,31,12,3.0812711583611296,8,0
EMP_0042,Operations,Director,Master,6,58,163417.42331964875,3.7093127391180274,80,39,11,2.130254272910831,14,2
EMP_0043,HR,Director,Bachelor,20,56,173647.67890150516,3.422187104202317,23,29,9,2.4951993284841123,9,3
EMP_0044,Sales,Senior,Bachelor,3,47,102765.8775094647,4.668219964715672,59,12,6,3.9677693086654244,7,1
EMP_0045,Sales,Manager,Bachelor,14,22,154198.9177292646,2.757199713452894,24,5,3,4.661294276047901,8,0
EMP_0046,Sales,Senior,PhD,5,59,104340.96749448734,3.192254475115007,46,8,14,4.965297380687901,7,4
EMP_0047,Finance,Director,Bachelor,24,44,184972.44371900335,2.5328995782271537,7,38,2,3.401990819038613,12,2
EMP_0048,Engineering,Lead,PhD,18,49,142898.5763678876,3.011316808585329,119,37,5,3.838046848426969,16,3
EMP_0049,Sales,Director,Master,3,45,210980.72810615058,4.896003634591075,28,24,14,4.280630773757013,13,0
EMP_0050,Sales,Junior,PhD,7,37,53037.776096005095,3.013503538338597,5,38,7,2.744845684107694,17,4
EMP_0051,Marketing,Manager,Master,1,54,130497.36103064648,2.500204719034169,97,29,11,2.8465423789502484,19,1
EMP_0052,Operations,Lead,Master,13,35,125858.17277718158,4.96518612701624,114,35,8,4.7505463558183285,14,0
EMP_0053,HR,Lead,Bachelor,24,36,120988.09086683423,4.44892888134483,23,5,8,2.9299630239061423,10,0
EMP_0054,Operations,Director,Bachelor,13,45,158372.5770522312,4.067396058658563,97,27,7,3.5686760026556534,1,1
EMP_0055,Marketing,Lead,PhD,4,40,134812.27215983212,3.4378530155563607,91,39,5,3.690993778697578,8,0
EMP_0056,HR,Director,Master,21,37,178406.56147833777,3.3996683723526675,0,14,0,2.1149948210556158,18,1
EMP_0057,Marketing,Lead,High School,22,37,121107.98477699165,4.392364591323252,57,23,9,4.698223661649561,8,0
EMP_0058,Sales,Manager,PhD,14,22,118458.29224212514,4.400114516859112,111,29,9,2.381016742901168,1,1
EMP_0059,HR,Director,Bachelor,8,51,185887.86695643037,4.739089477171866,19,39,0,3.944489369617323,13,3
EMP_0060,Finance,Senior,Master,13,47,111520.62401675196,4.289376028562082,111,32,3,4.223659853472963,19,1
EMP_0061,Marketing,Mid,PhD,10,54,76562.7113088955,2.8045988194185285,4,29,10,4.13089404247834,6,3
EMP_0062,HR,Mid,Master,12,61,58562.386049314075,2.771838530151902,77,20,10,3.4041790021617677,14,1
EMP_0063,Marketing,Lead,PhD,11,54,126146.88139032711,3.904733847678269,40,12,11,4.902309809064132,4,1
EMP_0064,Sales,Junior,PhD,3,27,59816.756080314604,4.46967761928435,39,5,7,2.3664216894047065,13,0
EMP_0065,Engineering,Senior,Master,13,56,132036.20797995594,2.9022629608079984,33,0,14,4.862431906695379,9,3
EMP_0066,HR,Director,PhD,4,62,154604.56536168358,3.39282592655677,4,26,8,2.0509744980387294,16,4
EMP_0067,HR,Senior,High School,5,37,79482.74810104257,2.7893613398727424,49,6,11,4.759771998929516,18,4
EMP_0068,HR,Director,High School,6,25,151840.2091841464,4.960320720059244,112,34,7,2.8488143813822213,19,4
EMP_0069,Sales,Director,PhD,15,46,167726.98407173174,2.5052297529580687,106,31,7,2.9850061365061724,11,2
EMP_0070,Finance,Senior,Master,13,38,111272.10448096588,2.9764075920745254,67,6,2,3.443384982740409,8,4
EMP_0071,Finance,Manager,High School,0,41,134684.8922536618,3.1787295911586457,47,36,11,2.2249430293024197,12,2
EMP_0072,Sales,Manager,Master,1,30,137555.86103389107,3.984594753854659,43,24,9,2.754106484689179,13,3
EMP_0073,Marketing,Lead,High School,19,41,116284.95032929665,4.1870286354671045,70,2,7,3.872449939213672,0,2
EMP_0074,Operations,Manager,Master,12,23,134687.5639013885,3.842429028526713,119,38,8,2.0820223439583634,14,0
EMP_0075,Operations,Lead,Master,22,38,107620.4952480829,3.339596936377082,84,2,4,2.8360624102041405,16,2
EMP_0076,Sales,Junior,Bachelor,24,37,50078.73303344935,3.9090699575789243,31,24,12,3.678364289964223,17,0
EMP_0077,HR,Lead,PhD,7,52,94946.54049954898,3.611462987140939,61,33,4,4.693258232612111,19,4
EMP_0078,Marketing,Manager,High School,0,53,127436.7964889109,3.180591923327376,44,36,10,2.6976009707192126,15,1
EMP_0079,Operations,Lead,PhD,23,60,101623.5829191195,4.976136564359295,60,18,11,3.1349642845574,14,0
EMP_0080,Sales,Lead,PhD,12,47,113593.04622842466,4.985233475005693,20,22,9,4.482965077906654,19,4
EMP_0081,Operations,Lead,PhD,15,23,126566.3223290488,4.748479012347592,29,31,10,2.921374202949859,14,3
EMP_0082,Marketing,Junior,Bachelor,10,24,64997.30157567714,2.7940050218240016,9,21,2,2.6280590374356323,5,3
EMP_0083,HR,Mid,Bachelor,24,46,69122.88573433677,3.3675628826672424,78,20,9,4.543472343397033,10,3
EMP_0084,Finance,Mid,Bachelor,5,33,77997.84963155171,3.3771346507638507,88,18,11,4.0809661828714905,16,3
EMP_0085,Marketing,Manager,Bachelor,8,50,141148.5502068334,3.0518267744756984,11,3,7,4.3126216538384305,2,2
EMP_0086,Operations,Junior,High School,2,24,56851.22372151692,4.356151906315405,106,25,7,4.170396775494044,0,2
EMP_0087,Operations,Mid,High School,4,39,68982.04832022451,3.947716069352247,47,27,8,2.5890393338742848,8,1
EMP_0088,HR,Senior,Master,18,30,91482.27408171148,3.9603474528399967,49,33,14,4.154237963598915,0,0
EMP_0089,HR,Lead,High School,16,32,121946.6033116469,3.468249010890922,88,20,10,3.78921188857944,6,1
EMP_0090,Operations,Junior,High School,4,36,65506.62597302179,4.25280562415505,66,2,14,3.8306886033571925,7,4
EMP_0091,Operations,Manager,High School,6,26,151711.72968435448,2.6141621261540027,109,7,13,2.0592682717390125,2,1
EMP_0092,HR,Mid,Master,22,36,73146.86422141116,4.396561618889532,51,25,9,3.673395981095655,3,1
EMP_0093,Engineering,Junior,Master,23,52,76915.36479207435,3.8946747522959786,55,12,13,2.343091193969712,13,2
EMP_0094,Finance,Manager,Bachelor,5,32,163649.87820448008,3.0581761858839114,97,29,4,2.3736841298826277,2,2
EMP_0095,Finance,Lead,High School,9,33,125779.67805212807,2.947452751433998,85,22,6,3.3749975380189277,12,2
EMP_0096,Finance,Lead,Bachelor,3,35,116958.97547865492,3.3282712186449697,65,7,8,3.60542420004565,10,2
EMP_0097,Marketing,Junior,Bachelor,18,59,55514.579480726774,3.0138870212830775,33,14,6,4.6972378438712425,13,0
EMP_0098,Finance,Manager,High School,10,23,164850.1014059073,4.767648745604616,62,31,7,4.214881211434154,9,4
EMP_0099,HR,Director,Master,23,58,171893.90442629665,3.410854198936773,44,36,5,2.5801974808326076,0,0
EMP_0100,Sales,Junior,High School,1,61,46195.44260312834,3.6072369969888913,2,25,9,4.289805911801455,11,2
EMP_0101,Engineering,Lead,High School,20,26,137203.27956150306,4.545008919125503,26,21,2,3.5547281539312365,16,1
EMP_0102,Engineering,Lead,High School,3,60,127713.8381157094,4.518581710840362,119,25,10,2.978706790281387,14,1
EMP_0103,Operations,Lead,High School,16,38,109400.33856046046,3.0144937654544917,3,35,6,2.2604054667568345,14,0
EMP_0104,Engineering,Mid,High School,19,49,100018.51114373442,4.353456149755903,9,38,0,4.530949817938233,19,3
EMP_0105,Sales,Mid,PhD,0,43,67651.75653019035,2.995841437746942,115,14,1,4.410309299453451,17,2
EMP_0106,Finance,Mid,Master,1,56,73770.658122856,3.194563048077117,76,3,11,2.033482654652358,17,4
EMP_0107,Finance,Director,High School,15,41,198874.1013966462,3.7209021462741365,23,23,0,3.3280176705497686,1,1
EMP_0108,Sales,Manager,PhD,15,35,129638.51177041126,3.9356958386552288,30,13,14,4.16265663361952,2,3
EMP_0109,HR,Lead,Bachelor,5,48,115587.39839045773,3.2357346325370595,102,26,3,2.2135831302230535,19,0
EMP_0110,Marketing,Mid,High School,20,24,68495.33715422614,3.023161073495181,88,15,11,3.172645117898698,18,3
EMP_0111,HR,Mid,Master,9,56,77838.7723025852,3.9010557541104784,36,10,4,2.2522286423998077,17,1
EMP_0112,Finance,Senior,PhD,9,60,115523.57263786401,3.938556774298285,2,20,9,4.975413907055106,9,0
EMP_0113,Finance,Lead,Bachelor,12,22,143639.34965728005,3.0613762926551997,49,35,4,3.4957149120480935,16,1
EMP_0114,Marketing,Director,Master,19,61,160332.679121995,2.6206234214091744,96,8,1,3.563851536857331,3,4
EMP_0115,Operations,Mid,PhD,13,30,65918.45061300437,2.8162142211330567,114,36,6,4.118880604663053,1,2
EMP_0116,Finance,Lead,Bachelor,9,40,112882.28233999829,3.6748869482754722,63,3,10,2.494997014660644,13,1
EMP_0117,Finance,Director,High School,2,46,188953.2758987053,4.177213827523115,111,36,9,2.494597515604185,15,1
EMP_0118,Marketing,Junior,PhD,2,40,58895.88686592765,3.5123264009972477,94,14,14,3.4023455301252947,12,1
EMP_0119,Engineering,Manager,Bachelor,11,43,191579.50454967967,3.052193167410361,12,35,8,2.052200480049397,0,1
EMP_0120,Finance,Junior,Master,8,37,54709.38301627896,4.569553709440553,96,33,5,3.6791571920558495,1,2
EMP_0121,Finance,Lead,Bachelor,23,23,114834.26467276152,3.1331714375646467,58,26,6,2.1415198034402536,6,0
EMP_0122,Finance,Lead,PhD,5,24,116551.9261711291,3.774391582243812,30,8,11,3.4867945259150392,8,4
EMP_0123,HR,Lead,Bachelor,5,41,117987.50352938924,3.2449083269587473,118,26,2,2.054749706285392,7,3
EMP_0124,HR,Director,High School,0,62,157707.24310710488,4.970056564091825,60,37,11,4.6933352139025555,3,4
EMP_0125,Marketing,Mid,Master,13,23,85937.75140608288,3.7637573689485233,113,16,4,3.7797137049388945,10,0
EMP_0126,HR,Senior,High School,2,55,87681.75346717404,4.952873066212851,112,21,7,2.3801112507652267,11,2
EMP_0127,Operations,Junior,Master,23,60,49861.878434766026,4.149840993030731,102,15,0,3.476341131899085,2,1
EMP_0128,Operations,Senior,Master,5,32,103812.35502804122,4.384844276311554,65,11,8,4.917873476324878,0,1
EMP_0129,Finance,Director,Master,1,38,185053.9048607433,4.610152270338939,67,9,10,3.892134588656918,10,0
EMP_0130,Marketing,Lead,Bachelor,24,52,105366.41075816898,3.552100443555777,16,5,4,2.3503736143452287,10,3
EMP_0131,Marketing,Lead,Bachelor,12,35,106673.19488043377,4.749598737769574,66,8,14,3.7858576804930566,11,0
EMP_0132,Operations,Senior,Bachelor,7,48,106042.68577681467,4.026935799915779,50,32,4,2.283064134669349,7,0
EMP_0133,HR,Senior,Master,14,42,83859.64422374037,3.6234604807970463,15,26,6,4.7306014853934055,5,1
EMP_0134,Engineering,Director,Master,2,28,204522.12092314154,4.531268516044049,69,29,2,2.735473041107143,4,4
EMP_0135,Marketing,Senior,PhD,4,33,112291.98463375094,3.054474409305555,87,19,8,4.099427743843933,19,1
EMP_0136,Engineering,Senior,PhD,2,30,113285.2592001252,3.5922378983147225,47,12,14,4.212054404691583,1,2
EMP_0137,Operations,Lead,PhD,10,40,108372.82759871021,4.848239556581573,1,39,7,2.054927165061564,3,4
EMP_0138,HR,Lead,Master,15,46,124250.4510432706,3.121995009362748,54,9,3,4.667520497349986,0,0
EMP_0139,Engineering,Senior,Master,2,64,117888.07043556798,2.55112433726148,109,23,3,3.1956091007565752,9,4
EMP_0140,Sales,Manager,High School,8,37,129041.80055118138,3.9366843796093116,110,29,10,4.370187657348505,14,3
EMP_0141,Sales,Director,Master,20,59,175072.89481836444,3.032337268723193,38,4,2,4.974889898818457,17,1
EMP_0142,Finance,Mid,Master,16,61,73769.91117625644,4.955541708663666,21,15,4,4.874539455514572,10,2
EMP_0143,Finance,Mid,Master,24,63,88525.97928157322,4.671181793176683,12,30,13,3.3610530738430615,15,1
EMP_0144,Finance,Director,High School,11,33,190838.3973565882,3.5322934565086603,31,37,0,4.982927917822446,17,0
EMP_0145,HR,Lead,High School,6,27,96242.56415504441,4.888415342044586,3,3,7,4.0709512140373505,8,0
EMP_0146,HR,Senior,Bachelor,5,59,87251.31911520787,2.7701103097045374,14,26,2,4.2645891564272365,3,3
EMP_0147,Engineering,Director,Bachelor,0,49,215727.72178911057,4.269823499876274,17,32,1,4.292761209920708,16,0
EMP_0148,Sales,Junior,Bachelor,19,27,53220.37315352758,4.956992315359033,19,34,11,2.116017874217241,2,4
EMP_0149,HR,Senior,Bachelor,2,52,85190.70116922831,4.436629509353921,72,29,3,3.8371350637810018,18,1
EMP_0150,Finance,Senior,High School,4,63,97011.37748931722,3.6813654015388217,76,19,6,4.172581821446936,6,4
EMP_0151,Marketing,Lead,High School,6,45,119449.7855621724,4.966117809650102,99,19,11,3.0995855564544064,0,0
EMP_0152,Engineering,Lead,Master,17,51,128480.05843263608,3.2382462765070548,26,22,13,4.560156821413465,0,1
EMP_0153,HR,Mid,High School,20,40,59584.82550451952,2.880462940114113,41,27,7,3.647430472899083,17,0
EMP_0154,Marketing,Mid,High School,10,62,72200.7514055861,4.362198079138463,76,27,6,4.006149239091112,4,4
EMP_0155,HR,Junior,PhD,16,59,54965.88096805657,4.100821263077486,100,11,2,2.5573404342995207,5,1
EMP_0156,Sales,Senior,Bachelor,24,25,96022.79389477683,4.4915390281242455,17,10,6,4.199315343560558,13,0
EMP_0157,Operations,Lead,PhD,22,22,125669.36815757144,3.5525245506766296,106,28,4,4.219781827805596,4,2
EMP_0158,HR,Junior,Bachelor,13,47,59335.38959261473,2.61321240713459,104,21,14,4.9362382151854085,4,0
EMP_0159,Finance,Mid,High School,24,54,74622.0430413079,2.9711929290542414,48,33,3,3.7176355126950975,17,1
EMP_0160,HR,Mid,High School,24,53,60869.979384681414,3.9483985838572178,59,31,2,3.046781341785841,13,2
EMP_0161,Engineering,Junior,Bachelor,19,35,64891.164245928,3.208182587921149,5,11,9,4.7485676503106,14,2
EMP_0162,Sales,Director,PhD,22,24,174798.35085721468,3.3529093918726764,48,3,1,4.62236483547695,14,0
EMP_0163,Operations,Manager,Master,22,36,141008.37860843426,4.415470485315415,116,7,10,3.624358258138175,10,0
EMP_0164,Finance,Mid,Bachelor,19,44,77192.8387124854,3.381404560366636,107,11,1,2.876687391447078,8,0
EMP_0165,Engineering,Mid,Bachelor,8,49,82473.42006544503,4.712988535414284,11,28,5,3.404841297398601,9,3
EMP_0166,Finance,Senior,Bachelor,20,62,113082.60688378286,4.189034507886292,93,18,4,4.772282136259927,2,4
EMP_0167,Sales,Manager,PhD,1,37,119695.5476354885,2.5243153397463263,13,27,1,4.188983137738137,16,1
EMP_0168,Marketing,Junior,Master,3,48,64575.17964623293,3.4154486354428775,47,17,4,4.05863498272096,19,1
EMP_0169,Operations,Junior,PhD,3,39,58670.30525710109,3.508780575141097,91,35,1,3.1671254525572343,1,2
EMP_0170,Marketing,Manager,Master,5,43,126841.49653218163,3.9904574286753927,97,10,12,2.931772188080047,19,2
EMP_0171,Finance,Manager,Master,1,48,158540.71374797975,3.5504786627186844,80,22,10,3.427906869628698,2,2
EMP_0172,HR,Lead,Master,7,48,122322.8286168081,2.6445906088053337,46,2,13,4.650167169497442,17,0
EMP_0173,Marketing,Senior,High School,1,60,108260.33217572181,4.12895861927501,13,30,0,3.4022159823619127,17,2
EMP_0174,HR,Mid,PhD,7,26,66585.19563246811,3.349169818508897,82,0,0,3.622514998761568,11,0
EMP_0175,Sales,Manager,High School,15,22,134247.3522438804,4.538651330995529,95,16,8,3.7795068304524557,14,2
EMP_0176,Finance,Mid,PhD,7,34,87360.19330680536,4.980772753260856,48,28,14,4.024870409632113,5,3
EMP_0177,HR,Senior,Master,0,41,93659.42698430503,3.3077669133972023,73,2,1,2.5186133427600566,15,2
EMP_0178,Marketing,Manager,Master,3,48,131860.0605894327,3.835566880111756,24,29,2,3.995010947320314,12,4
EMP_0179,HR,Junior,Bachelor,9,56,48419.422156038796,4.747119340803252,55,6,6,4.409799906912631,13,3
EMP_0180,Finance,Senior,High School,14,25,102545.65666174564,4.925878175053991,22,28,13,2.522666019770214,17,1
EMP_0181,Operations,Director,Bachelor,22,60,198754.52342786267,3.707849005230287,0,39,9,4.776205797504114,6,2
EMP_0182,Marketing,Mid,Bachelor,17,46,70296.02929687184,3.536114829726417,98,34,13,3.217744482201014,11,0
EMP_0183,Operations,Junior,Master,6,33,55433.261519361164,4.539975530224757,68,31,12,4.809999496959125,8,4
EMP_0184,Finance,Senior,PhD,11,62,115872.17691872774,4.778666166569675,118,33,14,2.9450874589990477,10,2
EMP_0185,Operations,Lead,High School,15,47,120481.27519612039,2.9086208943206118,103,34,4,2.5349617874556363,14,0
EMP_0186,HR,Manager,High School,18,49,116170.80132422117,4.695360871739686,76,2,2,4.9862758917549055,10,1
EMP_0187,Operations,Director,PhD,24,41,195428.30598021197,4.1638615583792316,54,6,1,2.2701603157800143,3,2
EMP_0188,Engineering,Senior,Master,24,48,129991.33255712343,3.045652176539972,1,38,10,2.3757138170324925,14,4
EMP_0189,Marketing,Director,High School,12,27,179381.6639707934,4.672965559123915,78,23,10,4.997200813948185,0,3
EMP_0190,HR,Director,Master,20,46,144471.03728316896,2.7335633124388177,54,25,3,4.848140680809006,14,4
EMP_0191,Sales,Senior,Master,20,54,98318.62901120691,4.32246896812694,21,3,7,4.9132289997152085,14,1
EMP_0192,HR,Junior,High School,6,64,56771.88560085559,4.543615637773644,108,31,5,2.984126123785979,13,3
EMP_0193,Finance,Mid,Master,8,47,92854.95617671803,3.5538007067086914,96,12,8,4.136642913770142,8,2
EMP_0194,Operations,Mid,PhD,10,41,82063.44212115838,4.523225851441728,0,24,9,3.054786022323956,4,1
EMP_0195,Finance,Director,High School,4,26,198048.90141753474,2.625337274670124,10,3,7,3.2000092569804743,13,4
EMP_0196,Sales,Manager,PhD,5,27,146804.80796292558,3.6974631997291256,1,39,4,2.0841308255165485,11,3
EMP_0197,Operations,Lead,High School,5,30,109970.09870982691,4.8382572673111905,96,36,9,4.155107378476675,16,1
EMP_0198,Engineering,Junior,Master,18,34,63264.28670639368,3.5773277131042924,23,26,6,4.953684570133021,7,0
EMP_0199,Sales,Senior,High School,17,34,93489.51442917193,3.2581804693406085,19,3,9,4.028216633142705,15,4
EMP_0200,Operations,Director,PhD,13,47,195543.4824390028,3.5184367001911347,80,29,11,4.554183836757717,10,1
EMP_0201,HR,Senior,High School,1,26,92170.6401544515,3.723019221261379,43,36,10,3.792639228781574,16,1
EMP_0202,Sales,Senior,Master,24,50,100652.30369625476,4.89073093236941,60,36,11,2.918640436607293,5,4
EMP_0203,Finance,Junior,PhD,19,37,71735.58331916337,3.285568508754009,18,3,3,4.472051602588822,7,1
EMP_0204,Engineering,Mid,Master,6,38,102817.68409778086,4.337515900035079,48,35,4,2.2213275721178247,3,2
EMP_0205,Sales,Mid,Master,20,62,63765.70639009829,4.729251437182755,35,38,4,3.30227509055801,16,4
EMP_0206,Sales,Manager,Master,21,53,127713.74389008764,4.304543807832477,13,31,9,4.838397675596586,1,3
EMP_0207,Engineering,Director,Master,12,49,229759.99794674694,4.654254770354713,93,2,6,3.7987842307327515,13,4
EMP_0208,Sales,Director,High School,1,24,170992.16761957185,2.779700121593003,112,32,4,2.437920012203292,15,4
EMP_0209,HR,Junior,PhD,8,30,53463.453311970334,3.918830755774218,80,17,9,2.210248152100227,4,0
EMP_0210,Marketing,Lead,High School,4,31,125076.76376438036,3.4315146040360904,20,13,0,3.464787167379474,8,1
EMP_0211,Engineering,Director,Bachelor,4,34,229316.57761461133,4.30735281879302,39,27,14,2.609657044165523,13,2
EMP_0212,Engineering,Junior,High School,17,30,64707.85322588887,4.350026063112811,114,38,2,2.4793780354889914,8,4
EMP_0213,Finance,Director,Master,19,48,219191.52833907228,4.295282993660923,118,12,3,4.437951977824472,8,1
EMP_0214,Sales,Mid,High School,0,23,64777.397201237625,4.970904067708592,78,24,3,2.8586962748337594,2,4
EMP_0215,HR,Director,High School,3,32,180489.36011313123,3.7420936940459013,70,10,2,4.8037857233406,18,4
EMP_0216,Engineering,Senior,Master,0,41,137633.57404949976,3.3558063329601233,50,31,11,2.9907978542794913,14,3
EMP_0217,Finance,Senior,Master,21,44,103175.98620462159,3.2597733512380858,93,16,5,3.69881108569374,0,3
EMP_0218,Sales,Mid,PhD,14,62,65899.71879259996,4.459647754136321,59,22,8,2.9633413393319117,8,0
EMP_0219,Operations,Director,High School,12,29,163437.17368481462,3.9483227453552416,90,6,11,2.484854633063368,2,4
EMP_0220,Sales,Lead,PhD,17,41,113403.71517160638,4.212242565447212,76,14,14,3.7843966945872656,11,0
EMP_0221,Sales,Junior,High School,8,42,53475.521634440185,3.7408290654234784,15,19,7,3.825899205457612,5,4
EMP_0222,Operations,Junior,PhD,17,40,61319.801033915115,3.755538938351489,84,32,7,4.162571714317054,19,1
EMP_0223,Engineering,Senior,Bachelor,2,62,119764.56023134693,4.974851702830355,113,19,3,2.248226270270813,12,3
EMP_0224,HR,Lead,High School,11,37,117856.1989217224,3.896887978492151,69,21,13,3.7365430644394473,17,3
EMP_0225,Sales,Mid,High School,24,32,69510.51331634069,4.931719108826386,61,38,2,2.642228489004191,19,0
EMP_0226,Marketing,Mid,Master,12,50,86122.73730495924,3.776293638673346,110,38,12,3.732775657064254,15,4
EMP_0227,Engineering,Junior,Master,13,39,78483.97059158323,3.799082996681287,13,14,12,2.552786095446133,2,4
EMP_0228,HR,Senior,Bachelor,24,25,89292.13111057262,4.459604847563627,56,37,12,4.593758552143358,2,1
EMP_0229,Operations,Manager,PhD,15,47,133477.66271470822,3.3171684437328888,20,3,11,3.3568316320391793,3,1
EMP_0230,Finance,Director,Master,21,61,173185.63148126038,4.864009785281038,108,2,3,2.2214390161531012,8,3
EMP_0231,Finance,Manager,Bachelor,20,61,148482.86226533604,2.8377390572628474,47,7,13,3.594116977549861,19,2
EMP_0232,Sales,Manager,PhD,15,27,154044.6016254103,3.8533013400458076,110,11,1,3.28342163392182,17,1
EMP_0233,Operations,Manager,Bachelor,15,55,126301.14672087396,3.188008464639524,85,26,9,2.6291610021900658,1,1
EMP_0234,Sales,Senior,PhD,2,27,107578.39924346775,3.802778409974885,73,28,3,2.973116889001577,17,0
EMP_0235,Marketing,Junior,Bachelor,10,31,61099.4799959442,3.6374114462839766,18,31,3,2.2784390184263885,3,1
EMP_0236,Marketing,Manager,PhD,2,45,140312.7847243338,3.1910954276178956,52,22,2,2.20292955080964,7,1
EMP_0237,Finance,Director,High School,0,27,216472.2389343066,4.635024816626884,49,25,4,3.162196372508336,7,3
EMP_0238,Operations,Junior,PhD,22,27,57070.77353791329,3.5182528056499507,16,37,14,3.9943510080016664,10,1
EMP_0239,Marketing,Senior,PhD,16,62,113153.8709381188,4.393499258524736,100,32,8,4.396501329450833,9,3
EMP_0240,HR,Lead,Master,20,29,105338.55803538102,4.454948380073528,80,12,7,4.560750202787215,12,1
EMP_0241,Operations,Junior,PhD,11,63,62391.56387527892,4.086459294418704,67,12,14,3.1834831089517843,6,4
EMP_0242,Engineering,Director,High School,1,35,214211.80707035985,4.003502476229745,44,8,5,2.7443136294845423,8,2
EMP_0243,Finance,Director,PhD,7,61,186751.18921035947,2.6919859710271496,12,39,14,2.7411983765105727,1,4
EMP_0244,Engineering,Lead,Master,5,31,126981.47439749789,2.5447667662258286,53,7,3,4.677559807192134,14,0
EMP_0245,Marketing,Director,PhD,1,26,200799.5629501836,4.5038311672593885,66,16,9,2.253264031408544,6,0
EMP_0246,Engineering,Lead,Master,6,39,156090.87553102698,3.764977040020682,98,10,12,3.4121432088323362,19,2
EMP_0247,Marketing,Director,Master,0,42,171883.00967069768,3.8227270481194937,103,7,0,4.935194173321426,17,0
EMP_0248,Marketing,Mid,Master,17,55,86037.26144337389,2.690388192402285,64,17,2,4.439935630374832,8,0
EMP_0249,Marketing,Junior,Bachelor,19,63,51771.841008235155,2.630960608374522,16,12,9,4.916464242679874,2,2
EMP_0250,Finance,Junior,Master,2,56,57501.600334491304,4.46676621455234,40,22,9,3.1494928048273607,3,2
EMP_0251,HR,Mid,High School,2,33,65131.014210128626,3.8491010840121893,38,39,3,2.0299649210058135,7,4
EMP_0252,Operations,Manager,PhD,19,30,139557.68971771075,4.079970374083513,93,20,5,4.122689409211968,12,4
EMP_0253,Finance,Manager,PhD,20,32,153775.73445966747,4.7074133863216465,76,17,10,2.290893481794412,6,3
EMP_0254,Operations,Mid,PhD,24,59,75782.23917951487,4.3024600799101735,56,11,1,3.7344896724797456,6,0
EMP_0255,Engineering,Lead,PhD,8,31,159825.23429867072,4.700465653333717,85,33,8,3.830816124620693,11,4
EMP_0256,Operations,Senior,Bachelor,10,43,98380.81973800804,3.7131957897114485,43,39,13,2.560650035195623,18,4
EMP_0257,Engineering,Senior,Master,19,22,136901.84258510618,3.9257547405023443,40,1,6,4.283802319225071,7,2
EMP_0258,Operations,Manager,PhD,14,26,155161.47620869282,4.644649438890957,27,24,13,4.592436845810981,11,2
EMP_0259,Sales,Senior,Bachelor,3,29,98453.09598408596,3.7641619275191416,117,39,3,3.270853466542259,11,2
EMP_0260,Sales,Junior,Bachelor,2,39,57308.79216465872,4.497264935271007,77,28,7,2.943668571666467,8,0
EMP_0261,Marketing,Junior,PhD,16,25,62841.93277873234,4.7722565649825395,113,19,9,3.093754105860876,10,3
EMP_0262,HR,Director,High School,20,63,185623.49478757975,3.1801669388042324,65,33,11,2.4359770564176535,14,0
EMP_0263,Marketing,Director,Master,6,23,190089.60770888088,4.372067649227943,87,23,11,2.225141233203654,4,1
EMP_0264,Sales,Junior,PhD,21,30,46353.90699253445,4.967320003449894,72,37,10,3.960784940502518,15,2
EMP_0265,Marketing,Junior,Bachelor,18,25,59197.98464268798,3.8667311950974015,82,32,1,3.323968231679525,19,0
EMP_0266,Operations,Lead,Master,1,44,103734.26096187693,2.8211208624663415,69,4,2,2.3990162506188013,1,4
EMP_0267,Sales,Senior,Master,9,53,96501.89587660017,4.154924689681355,52,38,3,4.037199468729956,17,2
EMP_0268,Finance,Lead,Bachelor,3,39,135653.26910248926,4.719877958757098,100,39,4,4.717656325875662,9,4
EMP_0269,Finance,Manager,Master,5,40,156252.56175698547,3.77316689007469,63,38,14,2.7297485666474803,17,1
EMP_0270,Operations,Mid,PhD,9,47,78444.02436376983,4.544945570041661,95,30,9,2.4978228154447364,3,1
EMP_0271,Marketing,Junior,Bachelor,13,41,64377.16681710814,3.995590841639859,85,15,0,3.1100166067372617,2,0
EMP_0272,Marketing,Lead,High School,8,47,105079.69149628142,3.080961652829286,48,6,8,3.6616055023954766,7,1
EMP_0273,HR,Senior,Master,10,38,85457.7584740928,3.8529766580959715,46,38,5,2.196915107613663,17,2
EMP_0274,Engineering,Mid,PhD,22,51,102948.39120966083,2.8751940195702113,21,9,5,3.554560678734502,4,4
EMP_0275,Marketing,Manager,PhD,18,47,160933.37847233543,4.816318055894413,83,7,7,3.7906668387136797,7,1
EMP_0276,HR,Director,Master,12,32,152018.70646701864,3.6922290736223964,18,13,13,2.6283156962089103,14,0
EMP_0277,Sales,Senior,Bachelor,16,49,104136.29836871596,4.6669524438459495,30,6,11,3.998234761990362,11,0
EMP_0278,Finance,Mid,PhD,18,25,95062.38068994999,4.472014088593182,23,26,10,3.7989675638417637,19,0
EMP_0279,Sales,Senior,Master,9,36,93925.23669299342,3.5324616618456006,8,35,14,2.164158969496476,16,0
EMP_0280,HR,Senior,Master,24,55,83031.05873880057,4.042998097526338,14,29,10,4.240008213594707,6,2
EMP_0281,Marketing,Manager,PhD,18,22,121554.19403463634,2.6186078673549287,7,0,1,4.660025775496814,11,3
EMP_0282,Marketing,Manager,Bachelor,17,44,145460.3313401802,4.437372996422045,23,32,13,2.1290607372406885,1,0
EMP_0283,Sales,Junior,High School,0,56,46554.9261138111,4.235661599304754,4,10,9,3.133845571082156,10,0
EMP_0284,Finance,Senior,PhD,20,47,92827.44127635419,2.8816641126171345,75,21,7,4.43171620161713,14,0
EMP_0285,Finance,Lead,Master,11,46,128332.38225643346,3.0981762638033294,106,7,13,3.1653342934500697,2,2
EMP_0286,Marketing,Mid,Bachelor,18,25,73736.6458329945,4.88131637935377,54,1,13,4.332722498005335,9,0
EMP_0287,HR,Director,PhD,15,35,172696.90338952965,3.9409964753493454,28,35,1,2.8093588547370185,6,3
EMP_0288,Sales,Senior,Master,15,50,104562.91747228839,3.6885540556300254,48,30,7,3.419082194354075,11,4
EMP_0289,HR,Lead,High School,24,37,117447.43887189825,3.604960881835237,51,2,4,2.089111463936704,8,2
EMP_0290,Sales,Junior,PhD,18,33,59269.53112708328,3.411159395150291,58,31,8,3.7811593646980177,18,2
EMP_0291,Operations,Manager,High School,3,62,128052.48448227368,3.213443425478842,42,38,8,2.188567746395505,7,1
EMP_0292,Marketing,Manager,High School,10,22,128838.145834192,4.397055925825097,74,25,12,4.40762209381772,8,4
EMP_0293,HR,Lead,PhD,24,26,108955.29955125271,3.5944798008019987,14,36,13,3.2537602219356065,19,1
EMP_0294,Sales,Senior,High School,0,59,83761.86927566453,4.8887058712767395,31,0,13,4.731945623043512,18,1
EMP_0295,Operations,Senior,High School,8,26,81415.8927663299,3.303841315203745,105,24,5,4.206245738024397,17,3
EMP_0296,Operations,Mid,Bachelor,13,49,64554.04923174068,4.627450483843395,119,20,8,2.04238190173328,1,3
EMP_0297,Operations,Mid,PhD,13,30,76839.96103132416,3.5179451669588424,107,22,14,4.2660964014525105,11,0
EMP_0298,Operations,Mid,Bachelor,4,24,79936.77860275784,4.162713063792578,62,29,12,3.466810374489813,9,0
EMP_0299,HR,Junior,PhD,13,46,54354.95385212166,3.2242416666695473,28,13,5,2.9462487708774474,9,2
EMP_0300,Finance,Senior,High School,16,29,96040.69938536505,3.9281532472085043,38,13,6,3.503586276307174,4,0
EMP_0301,Finance,Manager,Bachelor,6,40,164358.43955298205,2.8293226278867767,103,34,3,3.233229962530112,17,4
EMP_0302,HR,Senior,High School,24,59,90259.68441354897,3.1774825560162103,111,7,9,2.3356440826148557,10,3
EMP_0303,HR,Lead,High School,23,23,118284.08677397473,3.361151821347442,1,0,4,4.496204492664348,4,1
EMP_0304,HR,Director,Master,3,47,162377.13607254796,3.7611676240390395,4,30,14,3.1396952679771877,11,3
EMP_0305,Finance,Senior,Master,11,43,110136.62739548553,3.125629814796123,112,36,10,4.896253222933744,4,1
EMP_0306,Operations,Mid,High School,21,28,66308.2856454466,4.097280425710808,73,2,0,4.84198136448366,3,0
EMP_0307,Finance,Senior,Bachelor,13,23,95910.69051609658,2.519579979498272,7,15,11,4.12659255177815,2,3
EMP_0308,Engineering,Mid,Bachelor,20,42,86303.2469561187,4.6374083239955155,44,24,9,2.1058085511300493,4,4
EMP_0309,Marketing,Junior,PhD,22,64,63209.97429356559,2.543376434934795,8,39,4,4.627634728768726,3,0
EMP_0310,Finance,Senior,High School,19,49,90608.61986971031,4.978689774561891,44,21,14,3.9567158473237907,13,2
EMP_0311,Engineering,Director,Master,18,35,186485.8911449668,2.6549040246575126,69,27,6,4.361565594427547,0,2
EMP_0312,HR,Director,High School,15,61,191174.62670867582,4.918145713504942,100,38,14,2.0269249810757586,1,3
EMP_0313,Finance,Manager,High School,11,58,126472.31725298487,3.7469378935813484,85,39,2,3.2960892237958896,11,1
EMP_0314,HR,Director,Master,23,24,187569.20546824462,3.605261652411203,36,16,11,3.253034648278282,12,0
EMP_0315,Finance,Lead,PhD,16,31,129766.16068222537,4.000781194459248,37,0,5,3.450202335055746,4,1
EMP_0316,Finance,Lead,Bachelor,12,57,142210.36035844334,4.046166837964415,10,33,5,3.592803038981174,14,1
EMP_0317,HR,Junior,Master,14,38,52531.25972881803,3.7117687015647856,17,27,5,4.800699035267944,19,1
EMP_0318,Marketing,Lead,High School,6,49,125937.23694974574,3.978243021668017,52,24,14,4.968083989706729,7,2
EMP_0319,Finance,Manager,High School,16,43,166844.5791973836,4.463529872569805,46,20,5,2.0627707956403327,4,0
EMP_0320,HR,Senior,High School,13,25,98423.6480745568,4.37108758390929,5,1,11,2.7553172611334316,4,4
EMP_0321,Marketing,Mid,Bachelor,19,45,67841.45748393855,3.2739596387137144,45,21,7,4.188000381595458,2,2
EMP_0322,Operations,Director,Master,5,44,181236.6827273466,3.787727822510011,40,18,3,4.3124347938656,13,0
EMP_0323,Engineering,Junior,Bachelor,3,63,75272.48942898978,4.589758149262696,88,38,5,4.865239965394285,10,0
EMP_0324,Sales,Manager,PhD,19,24,139020.2230818953,3.4734718191675547,98,35,7,2.4873552063666553,5,3
EMP_0325,Engineering,Lead,Bachelor,8,43,136505.8645818481,3.579881998187445,118,0,3,3.9451959376043675,5,4
EMP_0326,Marketing,Junior,Master,1,62,53571.50898098588,3.558752254808721,56,31,11,4.4792914417060885,17,4
EMP_0327,Operations,Senior,Bachelor,22,44,84035.73527053825,3.9423326769966307,39,23,12,4.1832122704072345,12,1
EMP_0328,Operations,Mid,PhD,7,25,82527.36131871068,3.998026244483052,30,9,0,4.564675129545012,5,2
EMP_0329,Marketing,Director,High School,11,52,184608.2832466323,3.719466705225841,65,21,8,3.55748837733875,8,1
EMP_0330,Operations,Mid,Bachelor,17,39,78424.04131349016,3.4541313828922915,90,10,12,3.3731305618493694,4,3
EMP_0331,Marketing,Senior,Master,22,23,90981.1972146923,4.736525472708629,93,12,7,2.3896759405116463,18,0
EMP_0332,Finance,Lead,High School,0,47,123912.66725819914,4.497383986631334,34,0,0,2.401581390144251,16,4
EMP_0333,Marketing,Mid,PhD,1,32,86518.66639579828,3.5033890437571857,3,14,1,2.4081746796407035,10,2
EMP_0334,HR,Mid,PhD,17,63,75944.7696264757,3.6782852602630225,62,13,0,2.9110955292815874,17,0
EMP_0335,HR,Mid,High School,23,23,71514.9128494733,2.7329550210715796,1,28,1,3.5293616169445556,6,4
EMP_0336,HR,Mid,PhD,16,28,66374.25341665921,3.444170292707165,78,18,1,2.1042250024316154,17,1
EMP_0337,HR,Manager,Bachelor,8,60,148387.25759541139,2.9507317423985944,118,11,8,4.367643431371968,5,0
EMP_0338,Finance,Director,Bachelor,6,52,187512.8130179748,3.7743937831135153,41,36,10,2.5512222389101256,19,3
EMP_0339,Operations,Director,Bachelor,5,57,171690.52196846224,3.00254443083801,96,35,11,4.706775319208109,3,1
EMP_0340,HR,Mid,Master,9,33,75138.56435184699,4.772943531397659,61,9,13,3.609882134892274,16,4
EMP_0341,Engineering,Lead,High School,15,44,144974.70356647146,3.712552245112373,73,20,6,3.5738548282404223,3,3
EMP_0342,HR,Manager,High School,20,37,141197.21741027638,2.938302312776421,3,4,8,3.603937324750136,18,2
EMP_0343,Marketing,Lead,PhD,23,54,132016.24579275236,4.2987050251058925,102,11,8,4.05114905285234,9,4
EMP_0344,Engineering,Lead,Master,17,25,128691.27027423996,4.616354811176427,105,5,3,4.283919740434445,12,3
EMP_0345,Finance,Director,High School,19,37,209191.9115327566,3.590990693559564,97,21,9,3.939440990873155,2,0
EMP_0346,Operations,Lead,PhD,14,33,128148.32194367453,4.116606732953516,85,18,12,2.485496104268881,5,0
EMP_0347,Sales,Senior,High School,1,50,103591.1675622923,3.8918774229162496,0,30,0,3.7891011569768835,4,2
EMP_0348,Operations,Senior,PhD,4,38,93351.49318632219,4.1352982223044865,10,37,6,2.1701967457598736,2,3
EMP_0349,HR,Director,Bachelor,9,49,171538.5296724139,4.922420038308359,85,3,0,3.8339920362651836,16,1
EMP_0350,Marketing,Mid,PhD,22,50,85203.35968612705,4.879587047410526,54,0,1,3.098450416056399,18,3
EMP_0351,Operations,Senior,PhD,23,58,103416.89841035331,4.45328033516459,119,22,9,4.0031053534428,7,3
EMP_0352,HR,Senior,Master,14,47,101702.43998558982,3.0010824058948984,110,31,8,3.287313462689048,5,3
EMP_0353,Sales,Senior,High School,7,44,96864.55260081739,3.198856190889426,14,39,2,3.978798552446138,8,1
EMP_0354,HR,Manager,Bachelor,23,27,132397.52012881145,3.362751906038851,112,33,11,3.3730967392487265,18,1
EMP_0355,Sales,Senior,PhD,19,56,82106.82854843176,4.216420688639466,24,19,14,4.882268785602207,11,0
EMP_0356,Engineering,Lead,PhD,5,62,150563.38520597236,3.5088648867202434,93,2,14,4.101023740913611,10,2
EMP_0357,Operations,Mid,High School,18,60,65488.44881683582,2.560980949196737,45,39,0,2.179531953133478,14,0
EMP_0358,Marketing,Junior,High School,13,36,54892.95247871129,3.652047887063306,106,31,6,3.793106037912065,7,2
EMP_0359,HR,Mid,Master,2,59,60399.62913892859,2.846641963493991,13,20,4,2.3019286809334103,2,3
EMP_0360,HR,Junior,Bachelor,18,55,54498.524831301846,2.937034124633101,80,17,4,2.379475892552977,11,2
EMP_0361,Sales,Manager,Bachelor,19,63,145841.96923128693,4.5596747491410765,100,22,9,2.058061099175904,19,3
EMP_0362,Marketing,Lead,Bachelor,13,22,112791.12886496665,4.0397183493795055,74,3,4,4.918022520144214,16,4
EMP_0363,Sales,Junior,Bachelor,5,42,50163.858801753384,3.2452490904708986,80,19,14,4.352551775204464,6,0
EMP_0364,Engineering,Mid,Master,2,26,98547.04601161805,4.712469514801211,41,32,9,4.251531678200679,18,0
EMP_0365,Sales,Manager,Master,24,41,125707.50769212155,4.06475379186195,115,16,8,3.13586344043335,3,4
EMP_0366,Finance,Manager,PhD,17,52,150387.53613430186,4.843827120612179,112,15,9,2.974736397755215,5,4
EMP_0367,Marketing,Director,PhD,17,26,182461.72384942125,3.693698142384926,73,5,8,3.851828845057675,12,3
EMP_0368,Sales,Junior,High School,6,41,51748.616087812035,3.614775134800654,27,9,3,4.95676919278125,5,4
EMP_0369,Finance,Lead,Master,4,59,119428.29662144839,3.88672407416248,56,26,12,2.9087202007357775,1,1
EMP_0370,Finance,Director,PhD,23,27,224907.26550446436,3.9083403062614055,29,27,1,4.4357677040583345,2,1
EMP_0371,Finance,Senior,Master,7,64,107512.38850851255,4.896873816328838,10,11,8,2.6666695694703786,12,1
EMP_0372,Operations,Director,Bachelor,9,49,165987.25044873104,4.452903859873852,50,27,10,3.253828497710041,15,4
EMP_0373,Operations,Junior,Bachelor,2,53,62011.59373449233,3.44118336036892,65,1,12,3.389241414094358,19,0
EMP_0374,Sales,Lead,Bachelor,10,62,122575.20584731901,4.362596458794324,30,1,1,4.912555750797897,10,3
EMP_0375,Engineering,Lead,Bachelor,22,42,138120.87036654027,4.924956832762532,98,39,0,4.8575782376971635,9,2
EMP_0376,Operations,Manager,High School,21,42,153095.07545409346,3.359020404674159,61,9,11,2.6989961694796034,12,4
EMP_0377,Finance,Senior,Master,22,37,97119.5484069379,4.234788361674124,5,29,4,2.954056536131757,4,0
EMP_0378,Finance,Mid,Bachelor,22,45,79877.86308294737,4.739762063214766,118,6,3,3.5611999594720607,14,2
EMP_0379,HR,Junior,Master,15,29,57191.954071831744,3.833974000739416,110,17,10,2.9303677212018657,10,4
EMP_0380,HR,Director,PhD,24,52,173899.38312772044,3.2460591383111157,45,1,6,4.281777862861176,6,3
EMP_0381,Marketing,Junior,Master,5,45,59110.514142282365,3.2456868305402393,70,19,0,4.4304106231743,13,2
EMP_0382,HR,Mid,PhD,16,39,74288.09184405429,4.526247942735258,69,4,14,2.323742501266744,4,1
EMP_0383,HR,Director,Bachelor,13,31,152366.9966379313,2.677406714308404,54,10,10,2.358254092013639,11,4
EMP_0384,Operations,Manager,High School,11,58,143517.9932064319,4.760864636239476,46,31,4,4.788443088777326,13,0
EMP_0385,HR,Lead,Master,24,29,95087.87450800551,4.510327890668284,35,7,8,2.6615471207220223,4,3
EMP_0386,Engineering,Senior,Master,4,47,121997.63448150776,3.3548422415664945,8,32,14,2.053842620153399,15,1
EMP_0387,Operations,Lead,PhD,3,48,101739.79694348748,4.388913199012547,1,39,4,2.0696308685389195,15,0
EMP_0388,Marketing,Mid,High School,3,42,73376.12001263068,3.260954293781535,3,1,9,4.066929736382572,14,4
EMP_0389,Marketing,Mid,High School,19,35,69029.14583884428,4.696470223873825,83,29,1,3.750362936550156,0,3
EMP_0390,Sales,Director,Master,4,49,186538.34674402443,2.5307818810126017,31,16,1,2.7730752053612404,2,0
EMP_0391,Sales,Mid,Bachelor,17,52,70454.78898246629,4.993080475816323,72,29,9,3.042565829218028,14,1
EMP_0392,Sales,Junior,Master,8,56,50312.29924299043,3.112193540790552,100,25,9,2.5566057801584208,11,1
EMP_0393,Engineering,Senior,Master,6,59,112348.23966770916,3.9722341134905323,93,39,10,2.93170426782267,9,1
EMP_0394,Marketing,Mid,Bachelor,7,56,87468.61812964907,3.373373639150768,115,34,10,3.5530514539042852,2,2
EMP_0395,Engineering,Senior,Master,19,27,137054.9020015471,3.668440891670757,81,19,14,4.927939658318931,5,2
EMP_0396,Engineering,Junior,Bachelor,5,38,71232.47480413993,3.7007798573258555,2,1,9,4.6196686127793605,10,2
EMP_0397,Finance,Lead,Bachelor,4,40,124987.57974823231,2.77070394622093,14,21,10,4.112610940673569,7,0
EMP_0398,Finance,Senior,Master,23,51,91557.80354147381,4.970590936692341,49,25,1,3.4786413807532686,9,4
EMP_0399,Operations,Mid,High School,15,50,73324.29964681387,3.153015225166858,90,23,9,2.117843807817631,11,2
EMP_0400,Finance,Mid,High School,3,29,76720.07332401708,3.1413717581431007,46,24,12,2.5749110209204646,3,4
EMP_0401,Operations,Manager,Bachelor,3,47,143412.69110195423,4.026613338564509,5,33,0,4.29392769424037,10,0
EMP_0402,Marketing,Senior,PhD,14,51,88126.946308359,2.8067910970558607,80,34,10,4.010567010264766,12,0
EMP_0403,Sales,Junior,PhD,9,34,47558.79716823058,4.09070149584052,83,30,0,2.5699203826128754,11,4
EMP_0404,Marketing,Lead,Master,21,55,104117.88029119618,2.814741399822978,30,4,8,2.9116081487873884,15,0
EMP_0405,Finance,Director,High School,18,29,185212.21571762156,4.283474512949156,78,39,1,3.6067985253196415,1,3
EMP_0406,Engineering,Manager,High School,1,25,150500.6460241404,4.736053061620643,90,10,2,2.3503703990465774,18,2
EMP_0407,Marketing,Mid,PhD,0,63,71015.69538247553,3.2451430723319703,97,11,11,2.552263184209204,14,4
EMP_0408,Marketing,Lead,Master,0,64,124218.79415144023,3.2983035443304667,0,14,1,4.167321362041949,17,2
EMP_0409,Marketing,Junior,PhD,6,42,65545.71260053114,3.819062615717805,10,34,2,2.5276222771306305,16,2
EMP_0410,HR,Mid,Master,10,41,70549.17609362213,2.918870049353846,107,4,1,4.212552492493735,15,0
EMP_0411,Finance,Director,Bachelor,21,41,215479.9317891449,4.684459749686594,78,25,3,4.775864390200745,4,0
EMP_0412,Finance,Lead,Master,1,63,133377.93362765518,2.810220791690387,70,17,6,2.2076743116566258,18,0
EMP_0413,Engineering,Junior,Bachelor,15,25,72876.44918036922,3.5501525381100443,94,38,2,3.8790592011390714,14,0
EMP_0414,Finance,Director,High School,4,35,207792.02781843534,3.569364711434253,31,5,4,3.3851751733645568,4,4
EMP_0415,HR,Senior,High School,15,48,77042.8111429025,4.316151530156551,6,26,6,3.819096303833752,17,1
EMP_0416,Engineering,Director,PhD,10,60,218937.4352684644,3.981722074892725,70,10,4,3.5663492761399573,7,4
EMP_0417,Engineering,Lead,Master,12,26,141110.18945183643,4.867618034121545,23,1,2,3.4306819638979587,9,4
EMP_0418,Finance,Junior,Master,10,36,65459.91515686052,4.4521625749876215,2,25,14,2.434535879855513,0,1
EMP_0419,Finance,Senior,PhD,8,30,117448.5116254955,2.748673280857539,114,14,2,4.080380950668655,3,4
EMP_0420,Finance,Senior,Master,23,63,119456.0817035724,2.515179211548528,5,21,11,3.635480946776941,1,1
EMP_0421,Marketing,Junior,Bachelor,17,31,49881.49220092096,4.976489631405805,93,13,10,3.3575589166567616,4,1
EMP_0422,Engineering,Senior,High School,18,38,140562.88959177892,4.190680755752429,22,34,5,4.623783698705599,14,1
EMP_0423,Marketing,Director,Bachelor,4,31,196962.98084948232,2.9463295676751717,115,2,6,2.0237577447050654,17,2
EMP_0424,Operations,Mid,Master,8,25,77529.86079913867,4.357166702225415,77,38,10,3.3266606689251503,13,1
EMP_0425,Operations,Mid,Master,12,41,65193.07618478258,4.101220775843578,82,1,0,4.324785147447869,5,4
EMP_0426,Operations,Junior,Master,23,45,62229.20266972396,2.8959436916785215,76,23,1,4.818153184461532,15,3
EMP_0427,Finance,Junior,PhD,0,55,56290.52822456601,4.322963422098531,83,23,1,2.4729584902345274,10,1
EMP_0428,Operations,Manager,Bachelor,17,38,146872.7047199863,3.990045058527063,11,8,12,2.2345363633824684,5,4
EMP_0429,Engineering,Director,High School,10,22,216417.29595497297,3.6695195375648284,49,12,9,4.0504058084326395,7,1
EMP_0430,Engineering,Lead,High School,0,60,154957.45636446256,4.984265458999381,107,7,13,3.3936627776564112,11,0
EMP_0431,Operations,Lead,Master,7,43,102724.2667604925,3.748240435594938,94,28,6,4.696173710743962,5,4
EMP_0432,Engineering,Junior,Master,14,64,73934.55822490311,2.683019785592905,44,23,10,4.355164145407816,1,2
EMP_0433,HR,Junior,High School,11,46,46260.781761747676,3.2938180803911896,58,15,13,4.458045126858638,0,0
EMP_0434,Marketing,Director,Master,9,32,192946.8335206679,4.835331077533799,112,28,6,4.231995009079308,0,0
EMP_0435,Operations,Senior,High School,4,26,82796.2685746925,3.398095145125702,1,31,10,2.164027923072319,16,0
EMP_0436,Engineering,Mid,Bachelor,2,48,91636.14857013195,3.3428996591792615,13,24,0,2.9902911596004382,18,4
EMP_0437,HR,Junior,PhD,19,58,49744.7813585921,3.7130446179458345,53,3,4,4.5531469400565525,9,2
EMP_0438,Operations,Junior,Master,24,64,65762.43496681334,4.18010928857269,4,16,2,2.0362154288391885,13,3
EMP_0439,HR,Director,Bachelor,9,36,163122.31547922816,3.6337667777889457,64,15,11,4.539795397548018,0,2
EMP_0440,Operations,Manager,Bachelor,14,37,143230.94654052885,2.7380416260819826,25,7,13,4.710288973613983,6,1
EMP_0441,Finance,Junior,Master,4,37,61509.54297187033,2.6646740143377303,116,27,8,4.518408063783914,4,4
EMP_0442,Finance,Mid,Master,12,50,79970.75506591516,3.253625303318479,29,34,3,2.666314218520015,5,1
EMP_0443,Finance,Lead,Master,2,36,138935.561790454,3.6424531541229617,79,10,11,2.207699336412229,19,3
EMP_0444,Finance,Mid,High School,23,61,88756.63642373488,4.127356400308693,58,2,0,3.0907276054609816,5,3
EMP_0445,HR,Mid,Bachelor,1,53,64842.76064771285,4.096169112072516,32,13,2,2.3405575710071314,1,3
EMP_0446,Engineering,Mid,Bachelor,16,45,86829.18787087168,3.81965051078396,88,17,1,2.4969819972695806,12,2
EMP_0447,Operations,Senior,Bachelor,12,31,107155.146797393,2.588044066211372,35,21,9,2.442808725169076,8,0
EMP_0448,Engineering,Junior,Master,2,47,67412.23359573443,2.719193556382958,69,8,8,4.280227153433528,2,1
EMP_0449,HR,Lead,PhD,5,45,111481.01213244775,3.054203904303379,42,34,4,2.8073680071577405,9,4
EMP_0450,Sales,Manager,High School,13,39,141948.4455838902,3.6450645795131966,17,6,10,2.9713038664812848,15,2
EMP_0451,Finance,Director,Master,24,25,186987.51491835486,3.1655810402553417,84,25,0,2.5335237297739845,9,0
EMP_0452,Sales,Director,High School,9,45,178784.41749887145,4.835153050089199,101,18,10,3.580230119516709,15,0
EMP_0453,Engineering,Lead,Bachelor,6,22,161215.28789743877,3.410894482925933,5,29,6,3.1621920840100204,19,3
EMP_0454,Engineering,Manager,PhD,7,29,176394.1948792771,3.675356399298377,14,9,2,4.891733294820169,10,0
EMP_0455,HR,Senior,Bachelor,15,57,84684.53543186921,4.817599742793058,85,29,9,2.769306718442449,14,0
EMP_0456,Operations,Mid,High School,19,35,65562.97239295738,3.212451105241705,37,32,11,3.704915961646901,16,1
EMP_0457,Operations,Director,Master,21,36,164645.53052680107,2.8143882974281924,107,39,3,2.1440016214960576,15,2
EMP_0458,Operations,Lead,Bachelor,2,41,116852.15696159497,4.486266296150607,81,10,2,2.058102436831148,18,0
EMP_0459,Marketing,Manager,Master,10,28,129766.34896375984,3.6469654166822925,30,26,9,2.7659999022763273,17,4
EMP_0460,Engineering,Junior,Master,17,34,81741.65072659995,3.4855264270721804,107,14,13,4.180341013507078,5,1
EMP_0461,Operations,Director,Bachelor,5,46,174428.02172173432,4.7592155504522715,118,20,1,2.86826453809614,12,1
EMP_0462,Operations,Manager,Master,23,54,142593.43329456242,3.0435879715418674,117,36,2,2.744795944942573,14,4
EMP_0463,Engineering,Lead,PhD,8,37,145413.33360638324,4.054965787376377,85,15,8,3.7941613305767286,0,0
EMP_0464,Operations,Mid,High School,6,61,79879.84997671431,2.873262672770914,68,28,0,3.948533906398422,4,2
EMP_0465,Sales,Senior,PhD,4,28,84088.21892624318,2.7922541612849434,108,31,13,2.6454807263225586,13,0
EMP_0466,Operations,Manager,Bachelor,16,46,130508.18332973027,4.5305642513499045,47,11,14,3.57290691377779,5,3
EMP_0467,HR,Junior,Master,21,49,51094.32260882698,4.432292876370727,71,33,11,2.1688614114057265,3,0
EMP_0468,Operations,Lead,PhD,22,42,108403.66526102295,3.8145675546842917,12,2,3,2.8637195616463504,1,3
EMP_0469,Sales,Junior,Master,9,62,53347.088160924715,4.896225980544218,77,12,1,3.0946637394621077,16,0
EMP_0470,HR,Manager,PhD,17,56,142990.9242034354,4.671496273099924,107,29,14,3.7027511703457687,5,0
EMP_0471,Marketing,Manager,PhD,19,29,136159.37259849772,4.8549802586574184,27,15,6,2.5423994823262945,7,0
EMP_0472,HR,Senior,Master,1,41,86686.88165285735,3.1630386639483437,108,3,11,4.38566519476176,1,2
EMP_0473,Engineering,Senior,Master,5,47,143721.23174085375,3.763257118206477,72,18,1,4.226445605313895,10,1
EMP_0474,Sales,Manager,High School,0,25,130856.23366389486,3.9927082183142133,66,35,8,2.913679520752744,17,4
EMP_0475,Engineering,Manager,Master,12,43,178513.01625651712,3.985312514342812,18,27,14,4.945880904640273,7,3
EMP_0476,Sales,Director,PhD,12,51,198334.3012791551,2.854490635944871,97,26,14,2.454204925481288,16,3
EMP_0477,Marketing,Lead,PhD,19,43,133966.90235258642,2.9077280669841183,93,9,2,2.586037422305778,10,2
EMP_0478,Sales,Junior,High School,13,39,53995.714041903666,2.9152875191465073,32,35,6,3.783904855516021,4,0
EMP_0479,Finance,Junior,PhD,22,37,61512.357148315474,4.152141875462775,13,38,1,3.8556054799026747,2,3
EMP_0480,Finance,Director,Master,6,43,202208.6209615608,4.593491886875171,110,28,5,4.0470200910047405,14,1
EMP_0481,HR,Junior,PhD,24,60,48367.96708890449,3.5285776878275428,4,5,4,3.082978404103405,10,2
EMP_0482,Engineering,Senior,PhD,7,58,130927.48631274814,4.524235613797384,90,11,11,2.994403772993066,13,1
EMP_0483,HR,Manager,High School,19,38,140879.47512210754,3.3894689185661173,76,28,8,2.0915104168364134,3,0
EMP_0484,Marketing,Junior,Master,9,45,55349.64990795975,3.9731089729075846,36,34,12,2.9753804460038635,19,2
EMP_0485,Finance,Director,PhD,6,55,196096.72533716424,4.816918957051666,33,28,0,2.831854547831593,12,3
EMP_0486,Engineering,Manager,High School,21,43,155979.8824851415,4.323036475618743,51,24,14,4.787158021807776,10,1
EMP_0487,Marketing,Manager,Master,0,41,157795.61390961477,2.7441543835829783,87,12,4,4.061433169029221,9,3
EMP_0488,HR,Junior,Bachelor,0,34,55717.60111742718,3.9144333249738876,55,15,7,4.150779791995457,4,4
EMP_0489,Marketing,Manager,Master,6,58,150597.88522620508,3.8962794460228576,23,19,10,4.57033508119992,10,1
EMP_0490,Marketing,Junior,Master,22,64,65602.44975252688,4.383392472969885,34,28,2,2.3113584749365135,5,4
EMP_0491,Operations,Lead,High School,20,50,124432.62941197019,4.336886388871233,92,8,3,2.523923256681967,17,1
EMP_0492,Marketing,Mid,Bachelor,18,32,85115.15638638406,4.130944465278087,44,23,6,4.222743574839146,6,1
EMP_0493,HR,Mid,PhD,8,33,68665.24809499015,3.5381100904367604,3,36,11,2.5351151336702915,14,1
EMP_0494,HR,Lead,PhD,15,57,109374.60059193756,2.9362211052184977,101,10,0,4.729028096467557,6,2
EMP_0495,Finance,Mid,Master,4,40,89090.96819513186,3.6572163963741318,28,4,13,3.1888622606839405,17,4
EMP_0496,Finance,Lead,Bachelor,14,45,133470.82960870638,2.8828255335432464,88,8,0,3.295426168444875,12,3
EMP_0497,HR,Junior,PhD,5,33,58230.811955703524,4.960661930330197,94,4,10,2.397446357309785,7,0
EMP_0498,Finance,Lead,Bachelor,17,54,111693.7155817348,2.539365285300208,34,18,4,2.283852184111358,4,4
EMP_0499,Operations,Director,High School,19,33,181853.23424263962,3.823630556979733,50,24,5,4.097190274011107,6,1
EMP_0500,HR,Mid,Bachelor,3,59,68085.37381243074,4.581100110956502,9,26,1,2.280164695512399,11,0
EMP_0501,Sales,Senior,High School,9,28,95427.00097395344,2.9277186185252573,12,38,13,4.999670193637996,11,4
EMP_0502,Sales,Senior,Master,23,50,87933.76538819437,2.7458428126112944,3,28,11,2.70804239024376,6,0
EMP_0503,Operations,Director,High School,21,41,164671.83955098165,3.7353788652048827,18,19,12,4.564080950904833,10,4
EMP_0504,Sales,Lead,High School,5,23,119043.75912069296,3.400338590838109,119,16,3,2.7552972880484563,19,3
EMP_0505,Finance,Senior,Master,6,32,105685.82443984468,4.430176737298234,82,15,0,4.708930272351329,8,1
EMP_0506,Marketing,Senior,Bachelor,5,49,90089.04949166824,2.931034426214625,41,1,4,2.439432571241957,14,1
EMP_0507,Engineering,Manager,Bachelor,3,62,149011.09204161778,4.174878450666192,21,37,2,2.896713382646422,3,4
EMP_0508,Finance,Junior,Bachelor,10,50,64014.85433591806,3.0095894233830474,83,12,11,3.9303357508758987,1,2
EMP_0509,HR,Lead,Bachelor,7,42,99444.7962036871,4.318474134352623,96,5,4,3.7346508682097146,0,0
EMP_0510,Sales,Director,Bachelor,22,57,191712.09876328055,4.110698831949666,56,4,3,4.701955068865569,14,2
EMP_0511,Engineering,Manager,Bachelor,21,24,183174.25189803413,4.406679656613239,57,14,12,4.776995885061876,8,4
EMP_0512,Operations,Senior,Bachelor,13,28,107280.22118015021,3.138569565182542,0,39,11,4.3657261543344354,14,4
EMP_0513,Sales,Mid,Master,17,32,78940.29210948167,3.767485815672979,6,5,4,3.125542059564963,18,4
EMP_0514,Sales,Director,Master,7,47,208272.46628295528,3.075024333980651,9,16,13,3.345991645900192,5,3
EMP_0515,HR,Junior,Bachelor,18,27,59382.89852258325,4.8384494285087385,70,5,1,3.617045163291151,8,2
EMP_0516,Engineering,Director,High School,7,59,201078.036436309,3.4064046122961145,65,1,12,3.118584836059913,5,1
EMP_0517,Sales,Director,Bachelor,5,28,175341.4171544137,4.896741257921311,106,21,0,4.87689335109237,12,1
EMP_0518,HR,Lead,PhD,8,64,118410.84898103646,3.9865378921845465,79,35,14,4.035686765476235,9,3
EMP_0519,Operations,Manager,Master,17,51,123793.87596128687,4.42062985273342,77,19,12,4.860608200572816,19,2
EMP_0520,HR,Junior,PhD,2,25,59293.5113764398,3.4859213734499828,117,0,14,2.516551230536998,2,1
EMP_0521,HR,Director,PhD,19,59,154599.3772403397,4.771774703990941,80,20,5,4.022006051481386,4,4
EMP_0522,Engineering,Mid,Master,3,61,106613.52331779938,4.55141360015315,32,17,14,3.4922396125220336,14,1
EMP_0523,Engineering,Lead,Master,24,38,162708.2397672253,3.0537668044993715,20,25,7,4.749551923132705,13,3
EMP_0524,Finance,Director,Bachelor,7,43,215312.34921998644,2.7378498353843947,52,2,2,2.4459541922065875,2,1
EMP_0525,Finance,Director,Bachelor,1,40,203718.95155492058,2.6560938940710517,79,18,9,2.6859981954603516,16,3
EMP_0526,Sales,Director,Bachelor,21,57,162998.4511271692,4.643799170705846,76,9,2,3.6340368242962318,2,1
EMP_0527,HR,Manager,PhD,3,22,142440.994241702,4.118999283351634,57,11,14,4.773429921283004,13,1
EMP_0528,Sales,Mid,PhD,14,45,79407.68434466628,3.073299747521056,0,26,4,2.232911830454963,15,1
EMP_0529,Sales,Senior,High School,16,31,85580.18431693003,4.934608820982998,98,27,1,4.2831802867945035,16,3
EMP_0530,Engineering,Lead,Bachelor,18,63,153968.83565359455,4.7118315743552905,78,15,2,3.9386865876369663,11,3
EMP_0531,Finance,Director,Master,8,48,200835.4852443136,2.979868720267854,48,2,7,4.762305203386517,4,1
EMP_0532,HR,Director,Bachelor,15,22,183596.8804207635,4.020592900933276,60,34,6,4.30222877431221,4,0
EMP_0533,Engineering,Junior,Bachelor,20,39,68686.52898653697,2.6001744352187477,64,19,4,3.4099303393571883,5,0
EMP_0534,Marketing,Junior,PhD,23,46,60514.93473727854,4.72633833969949,5,4,0,2.7100732609876235,9,4
EMP_0535,Marketing,Lead,PhD,21,45,124079.31576673403,4.1589238082612425,68,19,1,2.816291762793403,12,2
EMP_0536,Engineering,Senior,Master,0,37,132205.3415380875,4.530066320011065,107,2,6,2.5458191014620075,16,1
EMP_0537,HR,Manager,PhD,10,59,135914.94832912798,4.409304991549737,66,31,2,2.9483572726052123,17,2
EMP_0538,Finance,Junior,PhD,9,60,69118.60013190575,4.936699602362924,23,21,13,4.463746441632791,2,4
EMP_0539,Operations,Manager,High School,0,33,124528.97963981931,4.424507707920531,60,26,10,3.9626575821734353,11,1
EMP_0540,Engineering,Senior,Master,13,33,120298.69748948554,3.006220506803815,108,8,4,4.091851565848172,2,3
EMP_0541,Marketing,Junior,PhD,8,51,60039.34642645787,2.7937474635028887,89,3,13,4.3201625377693835,8,3
EMP_0542,Finance,Director,Master,7,24,189113.60187482694,3.4116306593062284,111,21,9,4.175191917284324,6,2
EMP_0543,Operations,Lead,Bachelor,14,43,102444.72444850291,4.488653018887115,66,13,10,2.3340040257074026,19,1
EMP_0544,Marketing,Junior,Bachelor,0,50,49923.18737521004,4.964915982276457,103,5,8,4.1350378915022965,4,2
EMP_0545,Engineering,Senior,Bachelor,7,47,110455.03328218237,3.7080370846076303,119,15,13,2.6656013927730124,14,0
EMP_0546,Sales,Junior,Bachelor,2,52,46987.929854947004,4.4806462447082325,112,14,3,4.086444467515812,2,0
EMP_0547,Finance,Junior,Bachelor,16,48,65470.393732296536,4.481109953626215,110,7,14,4.065168583908937,0,0
EMP_0548,Sales,Junior,Bachelor,8,36,52779.881400471015,2.571730442052285,104,25,8,4.2682354270197385,5,4
EMP_0549,Operations,Director,High School,8,60,164438.583343868,3.4707592456256515,15,18,4,4.401126513332016,19,3
EMP_0550,HR,Lead,Master,16,55,108433.72601969162,3.093392403882501,3,3,7,3.112098013450309,6,3
EMP_0551,Operations,Lead,Master,14,59,131577.970562782,4.362868958817249,18,2,6,4.759974143189862,1,3
EMP_0552,Marketing,Director,PhD,5,47,195161.53827306576,4.291948238619891,30,2,0,2.6578180866581755,10,0
EMP_0553,Finance,Lead,High School,19,24,113300.13752932675,2.886546208039951,108,29,7,3.9901936628258943,5,2
EMP_0554,Engineering,Lead,High School,3,58,138767.11862803818,3.5534162147852655,14,28,9,2.096290200123745,2,4
EMP_0555,Operations,Manager,PhD,0,51,137902.2300921156,2.593900855833378,36,25,4,2.3656953678716444,9,4
EMP_0556,Operations,Manager,High School,16,33,146077.79917547782,4.7784308031652785,86,0,7,4.794769737065478,12,3
EMP_0557,HR,Director,Bachelor,6,43,146396.1031622133,3.6749652695253188,73,28,0,4.101506219529106,6,0
EMP_0558,HR,Lead,PhD,9,22,122763.82024517356,3.966118744971329,33,17,14,4.210339104768005,8,1
EMP_0559,HR,Lead,Bachelor,18,54,119840.70774902016,3.3369864824648987,9,10,8,2.9561040345406715,10,3
EMP_0560,Sales,Mid,PhD,17,53,69203.34512872159,2.7977484974255127,3,14,14,4.893042687442463,13,4
EMP_0561,Finance,Director,Master,3,59,191855.8893178852,4.73475381682751,49,13,14,3.7548717849277717,19,2
EMP_0562,Finance,Senior,PhD,1,36,108837.38835465162,2.6519407370747663,91,26,8,3.066921444898974,14,4
EMP_0563,Finance,Junior,Master,9,58,56790.021130371635,4.383712057079081,115,38,5,3.9364134554387773,18,3
EMP_0564,Engineering,Mid,PhD,17,27,92976.9259999553,2.939874341594172,5,28,5,2.8785143320851923,15,3
EMP_0565,Engineering,Junior,Master,12,26,67994.87965940163,2.641382341295671,36,0,7,2.129340647191839,8,4
EMP_0566,Marketing,Mid,High School,21,48,74409.4182979352,4.114196420197292,18,13,9,2.980999077266394,12,1
EMP_0567,Marketing,Senior,Master,21,41,98803.49716995249,4.224876749488054,42,33,10,2.178275984662853,4,3
EMP_0568,Marketing,Mid,Master,5,27,84456.08509422057,3.2281832502176226,96,7,12,2.4894973541067267,15,1
EMP_0569,Marketing,Manager,Master,13,53,137542.14400390413,4.363003354290657,103,23,3,3.673272940543539,12,0
EMP_0570,Finance,Manager,Master,15,35,155617.59515122956,4.091306713920376,15,19,1,2.14996554193961,19,2
EMP_0571,Finance,Lead,Bachelor,19,31,121588.88275415379,4.354656072719996,2,14,9,3.706138409534197,14,0
EMP_0572,Operations,Mid,PhD,24,35,75776.43608207816,2.997356983281372,90,21,10,4.602870160646457,18,4
EMP_0573,HR,Director,PhD,17,30,156249.94411073742,2.762155144348656,0,12,12,3.1106032473520493,18,1
EMP_0574,Engineering,Lead,Master,3,46,158080.3470560384,3.5671300775801154,68,19,1,2.82620086187025,6,3
EMP_0575,Sales,Lead,High School,18,50,103059.26757928742,4.826148631641547,24,16,14,3.7802062527171767,17,4
EMP_0576,Engineering,Lead,PhD,21,49,141809.66963058422,4.227064786659275,7,27,10,4.462408958593386,18,3
EMP_0577,Marketing,Director,Master,0,59,159508.23646818317,4.6897440404787245,26,7,2,4.572173835107702,7,0
EMP_0578,Operations,Director,PhD,15,50,183303.73966870402,3.1171879425831115,55,17,1,3.6462861078674704,1,3
EMP_0579,Sales,Junior,High School,7,24,59839.39492636118,3.1937722247447553,44,38,2,3.36474906753136,3,1
EMP_0580,Sales,Senior,High School,10,26,99652.20569329134,2.862142526727025,89,23,7,3.9306385532342185,19,0
EMP_0581,HR,Mid,Bachelor,20,34,72148.65588798247,4.931940981768247,52,35,14,2.4491615111037826,13,1
EMP_0582,Engineering,Junior,Bachelor,17,52,73897.72658478848,2.7339482257226133,111,11,6,2.0399130163076795,13,4
EMP_0583,HR,Lead,Bachelor,4,25,117307.42852595601,4.857570658903812,13,27,8,2.9087050389901123,2,1
EMP_0584,Marketing,Director,High School,16,28,168573.43982702613,4.069381945428674,13,25,14,4.466703019547309,19,1
EMP_0585,Operations,Mid,PhD,2,36,73155.42150391244,2.7090965343705236,7,4,7,3.792747468400755,1,4
EMP_0586,Engineering,Manager,Bachelor,15,31,162780.81634858812,3.8467276947321487,28,29,10,4.473570792305661,10,2
EMP_0587,Marketing,Manager,Bachelor,2,60,158502.00422104428,4.185310806469439,95,31,14,4.191464310650112,5,1
EMP_0588,Finance,Manager,High School,6,24,139203.21427917638,4.836911882098535,119,38,0,2.931141256132671,10,3
EMP_0589,Marketing,Mid,Bachelor,3,51,74874.72428612817,4.759953355172891,117,20,11,3.5772005702423866,15,1
EMP_0590,Finance,Director,Master,16,28,223622.03060225348,4.239544948382834,107,25,10,4.194598804942135,17,2
EMP_0591,HR,Junior,Master,24,61,45154.27878002493,4.75445813887605,118,21,14,2.089871233726025,10,0
EMP_0592,Operations,Director,Master,17,38,155401.44334020338,4.389482063917445,75,7,1,4.809588063651762,9,2
EMP_0593,Operations,Director,Bachelor,1,46,161248.84110885905,4.1700232537508155,4,36,0,2.7045937789241,16,4
EMP_0594,Engineering,Manager,PhD,0,46,149290.92179162175,3.0141459618178157,102,8,4,3.0203738592178757,0,4
EMP_0595,Sales,Senior,High School,10,37,100136.51525906789,4.62224193080765,56,25,2,3.503217959847843,2,0
EMP_0596,Marketing,Director,Bachelor,6,42,208990.69390436867,2.525760958217537,74,16,12,3.5649975553396946,10,3
EMP_0597,Sales,Mid,PhD,0,34,66425.39808108986,2.6143367550113945,16,8,12,3.83907818260326,14,4
EMP_0598,Finance,Senior,PhD,2,47,110366.01292971826,3.388475326187398,114,25,11,2.393209560038072,0,2
EMP_0599,Engineering,Director,Master,23,34,189109.19167019063,4.797437707700672,59,16,5,4.550214184339702,0,3
EMP_0600,Finance,Junior,PhD,7,22,57520.54624561972,4.737349885214005,66,10,9,2.2101722175586636,2,1
EMP_0601,Marketing,Lead,High School,7,51,105051.53551295694,2.7939776072878915,31,21,11,4.47654025242619,12,4
EMP_0602,Marketing,Manager,High School,3,46,131265.77871160704,4.459387948292922,5,27,8,2.181788232327915,5,1
EMP_0603,HR,Lead,Bachelor,2,22,114671.5187105259,3.326789409736349,111,26,5,4.600396683086567,14,0
EMP_0604,Engineering,Mid,High School,23,47,105557.73910895428,3.197924451048762,11,37,1,2.1509480561850944,16,0
EMP_0605,Operations,Director,High School,14,54,189683.85373096933,3.9970529427200567,100,27,9,4.525939626571797,12,4
EMP_0606,Marketing,Lead,Master,23,52,103826.96020163699,2.9376378504845757,66,20,10,3.5990859542662452,17,4
EMP_0607,HR,Junior,Bachelor,14,58,50788.4741207804,2.5946090589426842,113,30,13,3.646114973259932,0,4
EMP_0608,HR,Director,Master,20,27,190161.14046274993,2.5745691200396474,108,29,1,3.532444271841351,10,4
EMP_0609,Finance,Senior,Master,0,26,103040.98185618728,4.212675558327957,62,38,3,2.506367886998655,14,1
EMP_0610,Finance,Lead,PhD,7,48,135349.96373428812,2.5489519244509893,65,18,14,4.44116947632892,14,4
EMP_0611,Sales,Director,PhD,7,35,168408.76228958357,3.193981541909783,64,25,5,2.6521716144123877,5,2
EMP_0612,Sales,Mid,Bachelor,9,31,77246.02302039221,4.777725456480808,72,7,4,2.6399309429062696,4,3
EMP_0613,Engineering,Manager,PhD,10,30,178889.04784730464,4.6933601407358605,106,14,1,2.6108684575071117,11,1
EMP_0614,Sales,Manager,Bachelor,2,43,120310.26547683508,3.1380514367621837,48,34,4,4.340327016618655,7,2
EMP_0615,Sales,Director,PhD,13,47,202483.09387673336,3.3454253723792853,20,9,8,4.746029223427209,18,1
EMP_0616,Operations,Junior,High School,11,63,56847.26237720667,3.1072231670286117,58,34,13,3.9049729885743956,9,0
EMP_0617,Operations,Lead,Master,8,33,110074.66920274004,3.845822460054891,84,31,11,4.9316588735235705,11,4
EMP_0618,Operations,Lead,High School,22,46,112013.75680030184,3.2127663128630624,8,8,4,3.427451660802773,15,2
EMP_0619,HR,Manager,High School,22,29,122310.80088639494,3.3680997421466805,65,39,12,2.6058528653512196,10,4
EMP_0620,Marketing,Lead,High School,20,53,109579.85883578536,3.1371791322187392,25,31,1,3.2189577997427445,10,4
EMP_0621,Operations,Lead,High School,20,39,100693.42739689475,2.708907058805565,75,13,12,3.6363272761399474,1,1
EMP_0622,Sales,Director,High School,12,22,179802.47447589962,3.0770622397943943,52,28,2,3.2932049740966263,0,3
EMP_0623,HR,Junior,Master,2,64,53442.69664060241,4.746691288072761,65,33,13,3.786464341531799,12,0
EMP_0624,HR,Junior,Master,1,49,46388.71766658003,3.4058331753637914,57,15,8,3.0907930488784756,10,0
EMP_0625,Finance,Junior,Bachelor,22,64,66758.38958151486,4.174745071428484,30,5,1,4.9126620649807,8,2
EMP_0626,Finance,Director,Master,3,56,207748.1400468571,4.655671104685808,38,15,4,4.6831593160606335,6,1
EMP_0627,Operations,Manager,High School,19,34,142962.4626562335,4.264062100397737,68,34,3,2.833701632679983,0,0
EMP_0628,Engineering,Junior,PhD,8,54,78348.63660857316,3.6913452962565816,12,2,8,4.409125801820679,4,1
EMP_0629,Finance,Manager,High School,12,55,160970.30669821304,3.4428210368573637,16,8,1,4.285099340728316,10,4
EMP_0630,HR,Senior,Bachelor,4,54,91945.23063000826,3.538129374614321,93,35,14,2.582890613191815,12,3
EMP_0631,Sales,Junior,Master,20,48,53207.19550025531,2.984480850907702,33,1,8,4.716266899234735,3,0
EMP_0632,HR,Manager,High School,7,33,120787.98741363593,4.615615305736121,99,9,14,2.7311309470881087,13,0
EMP_0633,Finance,Junior,PhD,14,40,62652.79722209234,4.040660827559886,111,0,4,2.9537637845339932,15,0
EMP_0634,Marketing,Senior,Bachelor,7,30,105079.92088756229,4.259433050407153,21,26,5,3.7960698573181637,4,1
EMP_0635,HR,Junior,High School,3,47,47460.93059138436,3.1361260463515013,82,24,7,4.548458962571283,6,1
EMP_0636,HR,Director,Master,9,32,176059.24061627878,2.549030611724815,0,29,7,4.153067461960182,13,4
EMP_0637,HR,Mid,PhD,22,24,69263.39625619502,4.570377629831045,44,23,9,2.1730857006939304,9,3
EMP_0638,HR,Mid,PhD,3,44,77162.4956862229,4.190989578215984,24,25,4,2.2069950421738236,1,1
EMP_0639,Sales,Junior,Master,18,25,53119.90763351785,2.5737040280389953,103,34,3,2.9114806827788158,12,1
EMP_0640,Engineering,Junior,High School,24,51,72310.68905446838,3.9247401510482045,85,11,13,4.608647694108228,13,3
EMP_0641,Marketing,Lead,Master,18,47,107061.54347248896,3.758658282023609,32,18,14,4.529002086871039,12,2
EMP_0642,Sales,Manager,High School,20,29,146005.3588603207,4.636030271377166,27,4,10,4.351990478624651,11,0
EMP_0643,HR,Lead,Bachelor,1,60,106143.2000632414,3.0911373243611573,118,32,12,2.965930912125106,0,4
EMP_0644,HR,Lead,Bachelor,10,56,119925.18116744085,3.700357206619353,50,1,11,3.1877999829581656,14,2
EMP_0645,Engineering,Mid,High School,6,58,105534.1721683899,2.7318639441301347,58,25,14,4.327728172883206,12,0
EMP_0646,Marketing,Director,High School,21,36,200183.54104593376,4.696678867171922,35,32,5,2.403661994639145,5,0
EMP_0647,HR,Manager,Bachelor,22,27,113842.1343692724,2.609804925524478,113,14,9,2.850237982518741,19,0
EMP_0648,HR,Manager,Master,24,35,129957.072196146,2.977390014106417,96,18,14,4.089383907041603,11,4
EMP_0649,Engineering,Director,PhD,18,46,193548.0387763094,3.7784111783510763,12,19,6,2.472152421784046,14,3
EMP_0650,Sales,Junior,Bachelor,21,48,58512.32315510788,4.496125164798196,78,15,11,4.237824526988138,4,1
EMP_0651,HR,Senior,PhD,4,48,90525.29723915365,3.8718241346857467,11,2,5,3.9931008626385838,10,2
EMP_0652,Sales,Lead,Master,14,37,121654.29830339448,2.9417868946455976,81,35,4,4.317669615917163,10,0
EMP_0653,Marketing,Lead,Bachelor,7,26,133374.76245311723,4.787076624858627,36,31,1,3.1962704074056996,11,4
EMP_0654,Marketing,Lead,PhD,0,44,127247.44410688053,4.9812510438855915,107,37,10,2.874419342578915,3,1
EMP_0655,Sales,Mid,High School,4,38,70388.0980068035,3.432150451068379,70,7,0,4.755704765760644,0,1
EMP_0656,Engineering,Lead,Master,11,28,160931.33166937577,3.044132977790062,49,0,11,3.0262360172634617,10,1
EMP_0657,Sales,Manager,Bachelor,3,42,131063.51008826414,2.592110257943113,25,15,1,2.4947023257671983,11,2
EMP_0658,Operations,Senior,PhD,18,24,86373.98323212212,2.7053883802512386,73,35,12,2.8508861805427506,0,4
EMP_0659,Engineering,Manager,Master,1,38,179248.1637181258,4.635381628703907,97,25,11,4.293810784209191,3,0
EMP_0660,Finance,Director,Master,20,22,174093.75799771733,3.8532468888899816,47,0,14,3.7347861331122574,13,1
EMP_0661,HR,Mid,High School,13,53,64333.59164012117,3.197566166281467,50,14,11,3.958372644696387,5,1
EMP_0662,Marketing,Mid,Master,2,57,82679.79994300773,3.4280533048891497,100,18,4,2.775659604611462,0,2
EMP_0663,Operations,Mid,Bachelor,2,45,68234.47917989605,3.673041312362061,26,2,14,2.9052369021818896,11,2
EMP_0664,Engineering,Junior,Bachelor,21,32,68642.51997963968,2.785169578589503,23,29,3,3.714549974357707,17,0
EMP_0665,HR,Lead,High School,17,54,123062.71498417144,4.872049680607896,99,7,11,4.430021709985929,0,0
EMP_0666,Engineering,Junior,Bachelor,0,26,76552.48559584237,4.896328941008874,89,3,9,4.493351329880118,2,0
EMP_0667,HR,Junior,Bachelor,9,44,50643.08745188987,4.315140020728605,21,25,6,4.396890927706902,4,4
EMP_0668,HR,Junior,High School,24,37,59458.95059273303,3.671778696213424,29,16,6,2.840198159014524,9,3
EMP_0669,Engineering,Senior,Bachelor,18,47,109293.33112302511,3.141225617002582,0,0,13,4.144683265770249,11,3
EMP_0670,Sales,Manager,Master,12,30,143289.23363498898,2.9599639994566567,106,5,14,4.40353139371407,14,3
EMP_0671,Marketing,Lead,PhD,16,64,117388.50456886293,4.693173186143456,92,22,13,2.2525946472490386,15,2
EMP_0672,Marketing,Senior,PhD,18,52,89579.36709613151,2.7627712486500537,71,25,5,3.881049368413228,9,4
EMP_0673,Engineering,Director,High School,19,40,207082.6394512601,3.746152901201169,53,19,14,4.861177805896295,16,1
EMP_0674,Engineering,Junior,High School,18,53,71666.03059562405,4.849529317341623,69,36,12,4.761983218168208,17,3
EMP_0675,HR,Lead,PhD,21,24,118143.95562485297,4.391942860880704,15,11,14,4.533371264835298,13,3
EMP_0676,Operations,Lead,High School,10,54,131525.99016971834,2.867389938830178,75,37,3,4.211646628105669,11,1
EMP_0677,Engineering,Senior,High School,7,26,138823.54483924288,4.059870811392116,89,25,8,4.270472927212284,8,3
EMP_0678,Engineering,Manager,Bachelor,15,54,148265.34150884862,4.0962375406471,104,15,5,4.0672083244835315,9,4
EMP_0679,Finance,Senior,High School,24,24,106825.64839657074,3.014712199951769,91,24,6,2.6585773663886028,9,0
EMP_0680,Operations,Director,Bachelor,17,35,195512.08930961316,2.945690450583007,63,1,12,4.513895534600618,16,1
EMP_0681,Engineering,Junior,High School,2,30,82776.44766985203,3.750672473953073,13,3,2,2.0670975578066866,7,1
EMP_0682,Sales,Mid,Bachelor,15,45,65251.4054686908,2.590607592858975,66,3,13,4.546812655831784,10,2
EMP_0683,Marketing,Senior,Master,23,26,92130.43787332905,4.8868949314104695,44,33,5,2.415014402279273,19,0
EMP_0684,Engineering,Lead,PhD,17,57,164115.8366500015,3.3151371844805335,101,21,11,4.8801151657492525,18,2
EMP_0685,Finance,Lead,High School,1,54,130223.64987542975,3.939969998248217,74,4,7,3.4537900240744017,13,2
EMP_0686,Marketing,Director,PhD,2,60,168002.37770459143,3.2188536704031754,76,12,3,2.6135532558931223,9,1
EMP_0687,Sales,Mid,Master,22,26,80233.898412976,4.105629701546052,89,8,11,3.7288032561469473,11,2
EMP_0688,Operations,Senior,Bachelor,15,29,101722.96219739821,3.5905071215818953,0,12,9,3.3981623961145644,16,2
EMP_0689,Marketing,Lead,High School,5,36,128107.79301663818,3.9205281698769823,92,26,4,2.459718567589537,1,0
EMP_0690,Engineering,Director,Master,2,63,212234.42478696964,4.340835192117191,40,37,14,3.051530886605711,11,4
EMP_0691,Sales,Director,PhD,16,36,167474.6573433028,3.7766466750926666,43,23,8,2.717021158424683,18,0
EMP_0692,Operations,Senior,PhD,24,58,92789.83798589538,4.129768004010857,99,8,9,2.7691118367881016,11,2
EMP_0693,Marketing,Senior,PhD,21,36,88875.6071105869,4.575212935654212,15,26,13,4.721982856866539,16,1
EMP_0694,Operations,Junior,High School,2,39,51804.07320444114,3.4077137492965495,14,4,13,4.247109913772073,19,0
EMP_0695,Operations,Director,Bachelor,23,49,176177.9717202232,4.687573998117344,111,22,5,2.3595231140277946,3,2
EMP_0696,Operations,Manager,High School,24,56,153601.38907373685,4.29074544036256,51,20,4,4.973412912519648,17,1
EMP_0697,HR,Lead,High School,21,41,97624.83875890434,3.5616268036349514,23,31,3,2.1618376707277136,6,0
EMP_0698,HR,Manager,PhD,4,54,117094.00702384468,4.0877831545806265,84,28,12,4.1105387510606075,3,2
EMP_0699,Finance,Mid,Master,18,50,87308.6569282979,4.883596596416545,45,38,9,4.89280233144513,8,3
EMP_0700,Marketing,Senior,Bachelor,11,46,102815.02269121508,2.9869647210883117,64,28,14,2.817223819749957,19,1
EMP_0701,Engineering,Lead,Master,13,22,163626.38840354362,2.670493721970444,117,12,10,4.1412547747188935,6,1
EMP_0702,Operations,Junior,PhD,9,55,49923.285559657095,3.9580246890281297,2,5,2,3.5919729521032018,11,4
EMP_0703,Operations,Director,High School,18,39,198317.36601570674,3.2852953755276655,65,18,2,2.230118530910267,3,3
EMP_0704,Finance,Junior,Master,1,26,68302.75546195179,3.654871523170091,99,18,7,3.667175418121083,1,4
EMP_0705,Finance,Senior,High School,22,45,106486.6572015804,4.335230460211044,81,20,2,3.5244354662028403,13,4
EMP_0706,Operations,Senior,High School,5,27,104995.19281576814,3.8686977467755868,44,26,8,3.940324537180404,7,1
EMP_0707,Marketing,Senior,Master,7,54,102440.25100774941,2.921816525924799,83,11,4,3.1174276321779626,5,4
EMP_0708,Marketing,Junior,Bachelor,1,28,51613.596918660456,4.191661739734865,112,1,14,2.7004923815947084,12,3
EMP_0709,Marketing,Senior,Master,8,60,93976.3668953123,4.811706510265951,28,20,12,3.7688551557698315,13,0
EMP_0710,Sales,Senior,High School,5,47,105311.70167366017,3.907971799217301,26,30,13,3.5372239385108193,0,4
EMP_0711,Finance,Senior,Master,0,46,97058.17981503207,4.512432987377387,8,34,11,2.534028878556228,6,4
EMP_0712,HR,Manager,Bachelor,2,22,137929.17098037363,4.592807550269498,81,33,12,3.6743767412801915,10,3
EMP_0713,Engineering,Director,Bachelor,20,63,214173.80400501477,4.556358483670282,60,0,3,2.9326054632018606,7,4
EMP_0714,HR,Lead,PhD,10,50,107929.03900224974,3.2609522621093,94,32,0,4.122807570745638,6,4
EMP_0715,Sales,Mid,Bachelor,3,50,76399.68978848022,4.905731913551774,16,2,12,3.3370110757341336,4,2
EMP_0716,HR,Senior,High School,3,64,88471.37867721125,3.303766081661295,52,3,9,3.191259536943799,5,2
EMP_0717,Operations,Director,High School,17,51,184459.57125903337,4.537811884995415,117,24,4,2.913458457498865,12,2
EMP_0718,HR,Lead,Master,5,36,105420.8413315701,3.5065910391358606,96,0,12,3.2060068372720933,12,0
EMP_0719,Operations,Senior,Bachelor,16,38,89036.20906143865,3.066841011621481,98,8,2,3.680188610268119,5,4
EMP_0720,HR,Mid,PhD,4,30,70323.67798307016,3.307914121232679,73,33,1,4.703567955401057,11,1
EMP_0721,Sales,Mid,Master,17,60,73951.3964018353,4.355195330633875,30,36,13,4.581391030605051,7,1
EMP_0722,Marketing,Senior,Bachelor,18,58,107420.98990330957,3.9492848340866478,117,31,4,3.2666570132473325,8,4
EMP_0723,Sales,Senior,Bachelor,23,38,93730.99924217246,4.358581576963132,79,39,10,3.5474920478020104,9,1
EMP_0724,Engineering,Mid,High School,9,31,86839.61528208363,4.7038165670385395,83,13,12,2.978493761191787,19,3
EMP_0725,Marketing,Lead,PhD,2,22,125352.65480303863,4.245060535013212,58,39,10,2.5654053915946573,10,4
EMP_0726,Marketing,Senior,PhD,7,39,93884.88933521179,3.5389476347069255,69,30,2,3.5246261041397817,13,1
EMP_0727,Finance,Lead,PhD,14,31,139909.02194472242,4.474849928387412,69,36,11,3.3562159326436376,8,2
EMP_0728,Sales,Director,High School,16,25,192787.50349251108,4.069409768523331,22,38,10,3.6325849486068,12,3
EMP_0729,Operations,Director,Bachelor,17,57,186828.36145960854,3.283541432135504,58,32,13,4.011826170262246,11,0
EMP_0730,HR,Manager,High School,4,35,123021.25515014071,3.6162577885201976,113,29,11,4.222421201896324,19,3
EMP_0731,Finance,Junior,High School,16,47,68015.41253417311,2.593284444814892,112,24,10,2.8334992304258417,5,4
EMP_0732,Sales,Mid,Bachelor,5,36,67586.06533356392,3.8274619198931914,18,10,11,3.199859763495277,13,3
EMP_0733,HR,Junior,High School,24,38,58849.99436214437,4.990907028702583,90,3,0,4.421575278494452,14,1
EMP_0734,Sales,Senior,PhD,4,48,89527.40922600761,3.8050620031985964,94,18,9,2.3279866318527898,5,0
EMP_0735,Sales,Director,PhD,3,30,177129.10212690636,2.9161200448779696,98,21,10,2.1968913458126025,17,4
EMP_0736,Engineering,Lead,Bachelor,7,38,139512.49891847954,3.9073170701281748,26,27,11,2.2060906247481404,1,0
EMP_0737,HR,Director,High School,3,27,151385.81449241447,3.1471669511448725,41,37,3,2.269953387599741,10,1
EMP_0738,Marketing,Director,Bachelor,17,25,170060.9501767467,3.1122670594185338,104,12,7,3.1545940008400857,17,4
EMP_0739,Operations,Manager,High School,8,64,121095.36233541004,3.813087882482444,42,31,9,4.673424304611702,9,0
EMP_0740,HR,Lead,High School,13,26,100234.41101404457,4.066771038446774,41,10,13,3.8480852907940966,12,3
EMP_0741,Marketing,Mid,Master,13,39,69070.27459055203,3.6700489190593943,52,38,9,4.081586980575076,12,2
EMP_0742,Operations,Junior,High School,9,61,51962.473396980386,3.2741914516077557,68,4,4,3.815289293261242,4,3
EMP_0743,Engineering,Manager,PhD,8,48,179605.86345105522,3.6760231526770992,88,22,0,2.8860435479657567,2,4
EMP_0744,Operations,Manager,Bachelor,7,40,134898.5453325804,2.9601766318959215,27,35,10,4.2002057286275,4,1
EMP_0745,Sales,Lead,PhD,4,50,101950.33826819343,2.6110045794683328,52,15,11,2.6636906740242594,3,0
EMP_0746,Engineering,Junior,Master,3,26,64710.432067517635,3.7747950985225653,114,3,4,3.2441098063070752,0,2
EMP_0747,Sales,Senior,Master,11,42,87043.80874901505,2.9701422064467318,22,31,6,4.996554074989559,11,3
EMP_0748,Operations,Manager,PhD,0,39,126422.95597864514,3.907777457302492,49,12,13,2.890930540589846,2,0
EMP_0749,Operations,Manager,Bachelor,7,64,143659.27986554688,3.136414098116986,99,32,10,2.1254150902534192,0,3
EMP_0750,Engineering,Mid,High School,3,46,102530.19996818375,3.223254350278882,103,37,12,4.6176979840033034,19,4
EMP_0751,Engineering,Mid,PhD,11,24,90447.80053199061,2.5889490301675395,59,19,7,3.9524444340815252,5,1
EMP_0752,Marketing,Manager,PhD,5,47,151716.93337618932,4.806692887688521,73,9,0,3.958740944758339,3,1
EMP_0753,Marketing,Junior,High School,18,40,57726.22215867112,3.9489932919294155,2,33,14,4.868246790460808,18,3
EMP_0754,Finance,Manager,High School,5,57,135370.82012822205,3.5568151277179156,40,18,5,2.5722337090904928,9,4
EMP_0755,Marketing,Director,Master,0,54,199608.04402424576,3.5998439911881888,70,1,8,4.895140336477775,7,2
EMP_0756,Operations,Mid,PhD,21,62,78764.36154297256,4.572255622211604,41,37,12,4.272462230503362,4,0
EMP_0757,Operations,Mid,Master,17,53,63658.162133443795,4.108968954344597,64,27,4,3.64976554562914,5,1
EMP_0758,Engineering,Manager,PhD,24,64,180526.4423776854,4.513177536854856,16,0,0,2.7445417325503056,18,4
EMP_0759,HR,Director,Master,7,35,158993.59526421916,4.019212275571779,105,13,11,3.853801138568266,6,0
EMP_0760,Sales,Senior,High School,4,53,85563.5827483169,4.475553700257036,56,15,13,4.872957203561967,14,3
EMP_0761,Engineering,Junior,High School,15,31,80939.46508629939,3.966376631422539,6,11,13,3.973240573156543,8,2
EMP_0762,Operations,Mid,High School,11,36,65134.1672271355,2.683704406066198,67,13,11,2.166902156613595,16,1
EMP_0763,Finance,Junior,Bachelor,18,23,59038.10195684999,4.919397935990579,6,22,14,4.027165264297058,17,3
EMP_0764,Engineering,Junior,Master,10,44,72539.5305638988,3.982111114772461,112,37,1,4.088462533082707,12,4
EMP_0765,Engineering,Senior,High School,17,38,122027.6770788076,2.567198125185129,6,15,8,3.4533079977453207,13,1
EMP_0766,Engineering,Senior,Master,7,40,135305.49668469653,4.587915234617468,73,24,12,2.743439369385838,13,4
EMP_0767,Finance,Manager,PhD,21,49,142925.17743263702,2.940618064159451,42,16,5,2.4763325431458614,7,3
EMP_0768,Engineering,Mid,PhD,5,62,81759.75154644411,3.0826122698663454,96,29,8,3.405426038261999,14,4
EMP_0769,Engineering,Senior,Bachelor,22,52,123893.18559849056,3.284952540351882,20,1,0,3.7821638918469764,6,0
EMP_0770,Sales,Senior,Master,18,33,98614.16112952217,4.129604012366745,61,7,11,2.5059731420884166,18,3
EMP_0771,Engineering,Lead,Bachelor,22,39,166121.4076217019,3.542585230136079,84,20,7,3.555067493345894,5,1
EMP_0772,Engineering,Manager,PhD,2,39,180425.04955384837,4.852897907134025,6,0,14,4.529102564606001,9,0
EMP_0773,Finance,Senior,Bachelor,22,61,112202.29221890101,4.460758712195516,49,6,7,2.513118722655191,7,2
EMP_0774,Marketing,Junior,Master,18,50,63705.82304794685,2.794508029898534,6,16,13,2.500085965141091,10,3
EMP_0775,Operations,Junior,High School,7,47,59746.22156104596,4.092923058920005,32,12,13,3.3305474408403803,7,3
EMP_0776,Engineering,Lead,High School,6,41,152339.82607078284,4.665632563771247,71,18,1,3.4250230133161272,11,1
EMP_0777,Marketing,Lead,Master,20,25,124216.05964598786,2.878898146564336,44,20,5,4.212711794771213,10,3
EMP_0778,Marketing,Manager,Master,6,40,132652.64303629345,3.6196523454075518,2,20,0,3.4913893875373327,12,2
EMP_0779,Sales,Lead,Bachelor,7,49,111883.7080702374,2.9744199837047467,62,6,2,3.185972883820299,6,2
EMP_0780,Operations,Mid,Master,17,26,76254.95399591883,3.3792179420378554,20,38,2,4.162051131695877,14,0
EMP_0781,HR,Senior,High School,2,38,80712.89781924839,4.085831553237614,91,18,14,3.31743869798886,9,4
EMP_0782,Sales,Director,Bachelor,20,52,165969.56927016456,3.352537405447231,99,5,6,4.5733255063985325,7,1
EMP_0783,HR,Senior,Master,7,61,87324.40535582183,3.6473469172961925,11,9,2,3.4922067434719444,10,0
EMP_0784,Marketing,Senior,Master,2,58,90965.02338396615,3.65362949378198,78,3,14,2.951150071949635,10,3
EMP_0785,HR,Manager,PhD,11,64,120015.2430458391,2.8843258796417186,15,23,2,3.9156798069719,3,3
EMP_0786,Sales,Junior,Master,5,64,46357.725832542266,3.579041277978649,79,26,10,3.7485637062427513,15,1
EMP_0787,HR,Senior,High School,10,55,87238.70579134264,3.3024566306901137,90,17,7,3.31089145705619,9,1
EMP_0788,Sales,Director,Master,16,41,214077.50813753792,2.9373659691748726,109,28,4,3.9249790368155786,0,3
EMP_0789,Finance,Director,PhD,16,34,179788.8005630492,4.353109124282863,72,36,3,3.8390968434314416,7,2
EMP_0790,Marketing,Director,Master,20,63,191425.99089377074,3.288617539432577,111,13,2,3.3561766958159076,15,3
EMP_0791,Operations,Junior,Bachelor,18,28,51794.615717980574,3.3043790978749685,72,20,1,4.939907179684458,12,1
EMP_0792,Finance,Senior,Bachelor,23,48,106968.59089807697,3.3356469411972216,31,12,2,2.2986312445233397,9,2
EMP_0793,Marketing,Director,Bachelor,14,30,174296.46155965375,2.6899281642087396,31,13,0,2.9050363184073626,5,4
EMP_0794,Finance,Director,Master,10,29,197990.5530095276,2.6000539420443323,3,8,8,2.3945060738290413,4,3
EMP_0795,Sales,Director,PhD,4,30,194273.4976156034,3.87155845266194,67,3,13,4.1910726550631985,3,3
EMP_0796,Operations,Manager,Bachelor,22,29,153281.96604160828,4.035063001097273,84,8,7,4.107164918522119,9,4
EMP_0797,Engineering,Junior,PhD,18,28,64483.894637026264,4.412924867169311,81,34,7,4.460934916227089,19,4
EMP_0798,Marketing,Junior,Master,20,63,51893.9756338845,4.783193830695073,30,10,9,2.7944426920359557,16,0
EMP_0799,Finance,Manager,High School,12,50,141396.86595074274,3.5312928600515727,78,38,12,4.49603010556213,11,2
EMP_0800,Operations,Manager,Master,4,57,144808.62552103942,3.2995766134350566,31,0,13,3.350837413268845,15,1
