Date,Product,Region,Sales_Amount,Quantity,Customer_Age,Customer_Satisfaction
2024-04-12,Product D,North,1163.1229481443895,21,56,2.7833310114143646
2024-08-02,Product C,East,815.3710691204992,24,70,3.404460046972835
2024-05-31,Product C,South,1023.9495436647114,30,55,1.0031150633640573
2024-10-03,Product A,West,952.1450495028777,22,78,2.727780074568463
2024-02-18,Product C,East,840.4547769345317,16,32,2.8242799368681437
2024-06-23,Product C,West,964.7573494685951,3,54,3.4301794076057535
2024-01-21,Product A,East,391.98411528097233,26,70,1.923575302488596
2024-04-01,Product D,East,1335.8270834685513,44,78,4.332779646944657
2024-02-04,Product A,West,1169.8338480343123,6,71,3.1868411173731186
2024-11-05,Product E,East,788.6639648870229,18,43,2.7990165334790627
2024-07-20,Product D,South,727.8440259557817,14,40,3.0833370401032947
2024-07-08,Product E,West,1356.5877179291833,45,35,3.158768529556319
2024-10-06,Product B,North,1103.0854868705385,41,46,4.208787923016159
2024-03-05,Product A,East,471.0879533911798,9,41,2.579526072702279
2024-05-15,Product C,East,1309.2998567487853,33,76,1.2961786069363614
2024-08-18,Product B,North,1279.3840357348595,28,24,4.400154311159197
2024-09-24,Product B,North,946.6803636188034,24,54,3.9184247133522563
2024-12-25,Product C,East,876.8850073941098,1,52,1.4783769837532068
2024-05-10,Product A,North,1448.6302758650422,39,44,3.0909313175279762
2024-01-15,Product B,South,1101.454375597996,13,68,1.125716742746937
2024-08-18,Product A,West,1538.2842529025756,37,40,3.417669517111269
2024-05-22,Product C,North,1174.2068625190077,36,30,1.307919639315172
2024-07-05,Product C,South,1087.9177736936717,6,45,4.214688307596457
2024-02-13,Product D,South,1268.9891151132838,11,75,1.4883518188026934
2024-08-18,Product A,North,882.3675540603527,13,58,2.219125032632116
2024-07-16,Product C,North,560.9455155603644,37,50,1.4794614693347312
2024-06-20,Product C,South,1090.3968402848902,49,79,4.887128330883843
2024-02-21,Product D,South,562.4449237039727,39,19,3.849082359697768
2024-04-10,Product A,West,1030.7043047649001,2,45,1.2059150049999574
2024-08-11,Product A,North,870.217215835596,19,79,1.5795794883648924
2024-06-20,Product B,West,1647.618557008931,11,73,1.9505501759695987
2024-09-11,Product E,West,1369.533513014833,34,23,2.5952977697782122
2024-08-27,Product A,North,702.8391024607935,29,20,3.3635717727529673
2024-12-11,Product C,East,830.1106811191685,19,37,3.5806911616377994
2024-11-03,Product A,North,1128.4038522968283,40,18,3.702760468157123
2024-05-30,Product B,East,259.0903404797208,7,77,1.6998197083837447
2024-04-21,Product A,West,517.7550296316317,48,79,4.5888630318133075
2024-02-06,Product C,East,1055.3901575596913,9,58,2.3968382984506436
2024-10-30,Product C,West,1075.147855103763,24,69,1.3365598599801953
2024-04-13,Product D,South,1103.9344628490926,35,65,1.4058861714641284
2024-04-08,Product A,North,704.3854608622938,2,71,2.7936965719449893
2024-06-17,Product D,North,671.8178772794579,4,50,2.9755748607337384
2024-10-30,Product D,West,1289.0128387732966,17,50,3.170160922219597
2024-01-22,Product E,East,1123.8342780809494,8,44,2.7375774620417146
2024-10-03,Product A,West,1255.0361746371573,48,36,3.2880167968367324
2024-07-10,Product A,West,1118.301985439449,17,61,4.761834337411657
2024-02-15,Product E,South,962.7602833355021,31,52,4.921326334864183
2024-04-25,Product E,North,1222.1022453843216,32,40,2.0738994275606273
2024-11-18,Product B,North,1328.8989368623265,3,57,1.2816645233981756
2024-04-23,Product B,East,899.3766927787482,27,59,4.509492287711822
2024-09-29,Product A,North,712.2975710719663,29,59,4.2374446219140545
2024-12-20,Product B,North,1414.601381251583,24,30,1.3263767216009614
2024-11-08,Product D,North,833.2165306676147,23,32,2.502331810559776
2024-11-17,Product C,North,961.6795514608342,22,75,4.441618473246701
2024-10-31,Product D,South,858.4204402631699,37,50,4.311476015150355
2024-02-29,Product D,West,1326.6851790902099,5,56,1.341389859975072
2024-12-30,Product D,South,1643.1832267975979,16,30,4.8781474684566355
2024-04-15,Product C,North,1190.1757066954033,19,45,3.9761705719964615
2024-12-11,Product E,South,768.4542766729735,1,64,2.0009715926583813
2024-05-05,Product A,West,1498.3905191824463,45,70,3.5530823753734015
2024-07-07,Product E,South,644.9280496166386,22,74,2.3675186668656063
2024-08-07,Product E,East,1068.6911296691312,49,47,4.421842336044029
2024-07-22,Product B,South,27.619797979278246,33,79,2.735406596951892
2024-01-23,Product B,South,692.683707599713,5,53,1.181216039088178
2024-08-10,Product B,South,1000.5440833584029,5,62,1.6517377083257188
2024-10-06,Product B,North,1226.7805845374958,28,49,4.76092096569983
2024-05-31,Product D,South,689.6792930542947,43,54,3.5037586804062912
2024-03-05,Product A,West,1061.2848826003985,10,60,1.7831645391571858
2024-01-12,Product B,North,1084.2975603205098,17,43,2.275902521175045
2024-03-30,Product B,East,813.1901440538219,41,24,1.472659310486625
2024-04-23,Product E,East,1108.6041735827412,21,78,2.128138290285226
2024-12-22,Product A,West,1174.3942402107173,35,66,3.926591021198561
2024-02-05,Product B,North,799.239181545636,32,54,1.9543874391613607
2024-07-01,Product E,East,1348.5811953240325,25,52,1.4124954753437304
2024-09-29,Product A,South,263.0220562679816,13,76,1.3999395486474535
2024-04-09,Product D,North,977.040381594536,41,36,1.3651467071445342
2024-10-10,Product D,East,744.022017388607,5,52,3.409763703604476
2024-02-22,Product A,East,995.7158356884715,45,70,2.977681218810326
2024-08-10,Product B,North,1097.3554949123666,11,35,4.874607775896539
2024-01-09,Product B,South,1502.587974900466,44,34,1.404490704491161
2024-01-07,Product E,West,858.6885083145032,37,55,4.946558314004702
2024-12-30,Product A,South,1069.6149812072908,17,24,4.944004255291484
2024-05-11,Product D,South,950.8404209611095,44,71,3.8203374571866395
2024-07-20,Product B,East,1558.2334162357497,39,79,2.9705004171634366
2024-05-20,Product B,West,1477.047315703255,8,78,4.291161407506772
2024-01-01,Product C,North,1141.4925863344206,28,79,2.6008915714880994
2024-11-07,Product A,South,1407.6449899998186,45,49,3.224020154570338
2024-10-29,Product E,West,914.0960451502241,21,28,4.676462861114638
2024-06-12,Product C,East,1007.3530522776828,41,66,3.7829947559384687
2024-01-01,Product E,South,1149.3994873736349,3,33,3.948402823372077
2024-01-12,Product B,West,957.015022384876,24,45,2.342640259187853
2024-05-01,Product D,West,819.8185956251245,26,25,2.4134089121042113
2024-06-26,Product D,West,602.3169173492236,27,71,1.1292638044386019
2024-07-19,Product A,North,768.6383615254858,20,30,3.738924690215517
2024-02-15,Product C,North,963.1633752527456,5,64,4.676706207342239
2024-01-10,Product B,East,1194.6679723760649,45,22,1.105467897989008
2024-10-15,Product A,South,486.0596412727367,22,76,4.368475692542835
2024-04-07,Product A,East,1406.1617122496239,1,38,1.2255019866037085
2024-01-06,Product D,North,1491.657995912186,3,70,3.340598129301888
2024-02-22,Product E,South,1067.570605841681,10,36,1.9893924069727906
2024-03-18,Product A,South,745.4437901836259,4,79,4.512882669916769
2024-10-14,Product B,West,719.1264915166132,31,25,1.0887389681212065
2024-09-06,Product B,South,1034.4584404641687,12,18,3.207627355097942
2024-08-09,Product C,North,1465.3788564198912,17,65,2.9201838680739005
2024-07-25,Product E,North,1344.8869236499247,39,55,3.469054848389168
2024-08-13,Product B,South,1157.5635138072844,18,47,3.2192624341689027
2024-11-03,Product A,South,1259.8211548128395,30,72,3.0944091040600448
2024-03-21,Product E,North,968.9271700295129,4,27,4.706350500645978
2024-11-25,Product A,West,543.0517388584717,43,60,1.9605824751127723
2024-04-20,Product A,East,1361.7745621727756,16,48,2.6012019556411254
2024-01-08,Product D,West,774.2659899019394,32,20,3.0609442194568435
2024-06-08,Product B,North,1502.1244478174149,19,38,1.6757402522886582
2024-04-01,Product B,North,1015.2527707408467,5,58,2.4239659370879445
2024-02-15,Product B,North,853.407974383576,14,43,3.761579314517461
2024-03-13,Product B,North,1589.27589009847,30,60,4.683489602127253
2024-03-01,Product A,South,940.8334987439429,36,18,1.3380680307227277
2024-12-20,Product E,West,835.8160490987436,22,31,3.473019086121184
2024-03-18,Product B,North,631.5837942629128,26,31,1.5909563676249068
2024-01-07,Product C,East,1141.5480973799188,45,35,2.7896494672938186
2024-08-14,Product C,East,1195.3195170010913,25,72,2.5091366524184906
2024-07-20,Product A,North,806.028134727242,44,42,4.56210912295958
2024-07-30,Product A,West,675.5355989156815,10,20,3.595291361166304
2024-05-25,Product D,East,1120.4681704377997,40,66,3.257834170090565
2024-02-11,Product A,North,1494.0847031161557,6,69,3.583668965326405
2024-08-13,Product C,West,376.26168310765104,33,70,1.407129890481615
2024-07-16,Product D,South,993.557511287602,11,79,2.1403806747753884
2024-04-04,Product A,East,1052.189898750871,11,21,1.0212000255904217
2024-04-27,Product A,South,1272.3615841727283,38,68,4.28344589261341
2024-07-12,Product C,West,1372.5911794029569,5,23,4.871976266016937
2024-11-19,Product C,West,974.2710492301499,33,37,1.969638929660321
2024-02-16,Product A,South,935.9582089277999,11,53,2.282568768638057
2024-09-15,Product A,South,1041.5523887165327,10,22,1.253499881891071
2024-06-20,Product B,North,825.2257253095198,37,26,4.040911439558746
2024-02-07,Product C,South,1078.271930149502,31,66,4.402909840065819
2024-08-23,Product B,South,847.4782135318742,1,57,3.8863862030051086
2024-02-29,Product E,West,627.44784498834,11,58,4.002007699061254
2024-11-11,Product C,North,827.8738599075506,14,43,4.631464521850064
2024-03-29,Product E,South,795.7767176288339,25,35,4.266397757886308
2024-10-21,Product C,North,1315.4779122014997,15,50,1.9288507805872692
2024-08-12,Product B,South,746.9365113263588,40,57,3.4969519836559684
2024-07-16,Product C,East,1274.8513796813863,15,64,3.480291023714054
2024-08-18,Product C,West,1327.1088735080937,29,55,4.00961248015529
2024-10-15,Product D,South,984.4723045884098,10,50,1.41166412297658
2024-06-07,Product D,North,1552.2829209811625,24,69,2.589149162241469
2024-06-05,Product E,North,1227.0965849936056,2,44,3.564590531541189
2024-08-30,Product D,West,723.3504027467123,26,60,3.396117459109306
2024-05-27,Product C,South,1051.178261074259,8,40,2.8480232145765307
2024-10-28,Product C,West,1250.6696195049713,26,30,1.5564647765722475
2024-07-28,Product A,North,1032.8184383814678,4,22,4.689997524709183
2024-11-23,Product B,North,1217.7299871696075,28,48,3.4268601855314236
2024-02-20,Product E,South,703.1185539224257,21,43,4.355592345783736
2024-06-30,Product A,North,962.2639239701056,40,32,2.596010815480521
2024-11-04,Product A,South,696.3686874219497,25,43,4.679422465651042
2024-07-28,Product C,South,503.5429984402692,27,34,3.348272896546269
2024-12-29,Product C,East,1141.5064315593522,6,70,4.6593836042724
2024-06-25,Product E,East,541.0707090481576,43,39,1.8803888563243882
2024-02-18,Product A,West,1682.9954879196512,22,45,3.1402788757346345
2024-12-25,Product A,East,511.2092168337243,1,49,1.26830590955371
2024-08-02,Product C,East,829.8510496193815,30,46,3.499903948204209
2024-10-12,Product C,South,1338.6666229140724,1,31,3.856236799159313
2024-07-12,Product D,North,1373.8255577492887,4,18,2.3374512452419287
2024-02-24,Product C,West,377.98293027755517,10,27,4.5897216392755364
2024-06-10,Product D,North,1280.7035179442382,1,74,1.8878886477317978
2024-09-11,Product E,West,1381.4665284982475,47,54,1.7141786482173345
2024-04-06,Product D,East,1258.5895255180467,24,31,3.4127896087079184
2024-10-28,Product C,West,1187.0198316749056,4,69,3.6723405462825847
2024-08-10,Product B,East,1408.9459306320116,21,36,1.491107558650834
2024-02-05,Product E,West,1230.9758675588992,18,19,4.642496014161216
2024-07-15,Product D,East,788.6968928371722,23,72,2.072254563291505
2024-09-17,Product E,South,577.4616110909321,30,26,2.7445061165412667
2024-12-20,Product D,South,836.524273957315,10,47,2.9497247929980546
2024-08-02,Product A,South,1119.7408343056213,17,31,3.966747776914662
2024-08-24,Product A,East,1185.2169429160977,46,21,1.5291048445013216
2024-01-29,Product E,South,639.9490010795173,23,54,1.073562706189867
2024-05-25,Product E,South,511.12210420710187,17,54,3.605681553407457
2024-03-16,Product E,South,1165.5590965928502,22,38,2.0547352105384658
2024-10-13,Product C,West,1213.4867951412468,7,27,4.657647783699839
2024-07-08,Product B,South,600.1766587635145,2,77,4.834508709252882
2024-07-11,Product C,North,569.6905098523463,21,28,2.1547749470827995
2024-06-12,Product A,East,1174.3066029597958,39,57,3.2656185611875888
2024-04-07,Product E,West,1182.2700592994076,43,34,2.9854649888049454
2024-12-30,Product C,South,544.2460051041469,9,43,2.8969492348014785
2024-03-13,Product A,West,989.5034528509115,43,57,2.739309354414985
2024-02-08,Product C,East,1531.240190690653,37,61,3.778785883417707
2024-04-11,Product B,West,781.8588472525394,49,78,4.160054235167424
2024-02-26,Product A,East,925.7444093345485,12,79,4.832683172015722
2024-12-04,Product E,North,1385.8805840213804,6,25,1.9986720354367438
2024-03-29,Product D,East,1318.6629552741135,26,58,4.776237358746453
2024-02-16,Product B,West,1245.545420391562,14,32,3.7896810689873597
2024-05-16,Product C,West,1040.1542962738,8,67,2.68705063892205
2024-03-22,Product D,East,1406.9900146550362,39,34,3.6006694017729126
2024-05-31,Product C,West,186.2528524456079,45,51,4.539993426093124
2024-06-19,Product B,East,1433.2519235646905,49,21,4.162892659355855
2024-07-28,Product A,West,428.64637844044864,45,59,4.506661511449797
2024-11-06,Product C,South,868.7002990591884,32,52,1.280118822989884
2024-10-28,Product D,North,644.0994714335884,49,46,1.1503870928250435
2024-08-23,Product A,West,866.3492435797684,39,37,3.950329206355566
2024-06-25,Product C,North,1436.0153431353103,14,73,2.148955966616327
2024-11-19,Product B,South,522.6056512372279,46,32,2.7110925349434494
2024-10-31,Product A,West,1190.9894453238444,4,29,4.8256627902377005
2024-10-19,Product E,North,950.2830840560155,46,41,2.869606044999479
2024-11-28,Product B,North,752.3245470947618,7,69,1.259945637931576
2024-03-12,Product D,North,1350.1308743150908,45,63,1.9226792468710348
2024-08-13,Product A,South,1486.3325673363147,41,66,4.8290810519333025
2024-09-18,Product E,North,625.2474816027857,9,52,3.389096289721364
2024-08-28,Product E,East,1171.4442089730953,42,52,4.032953902816365
2024-03-02,Product A,West,973.8673469912832,13,73,3.991486416368914
2024-03-29,Product A,West,1283.6229699931398,14,54,1.3659473495910195
2024-04-14,Product C,East,1163.0497308368026,5,28,1.3479470396456406
2024-05-03,Product C,North,1325.0828961716413,48,43,3.1304100776030483
2024-02-06,Product D,West,844.7166102891485,17,67,2.9805861080558973
2024-08-11,Product E,East,1067.1363854916694,3,73,3.6484480404262585
2024-02-09,Product C,North,1175.1784555977893,19,33,3.633807338633702
2024-12-18,Product C,East,892.2123727638822,48,58,2.3360355149809515
2024-02-14,Product A,North,1302.5562474335745,38,77,1.6344204211722948
2024-08-22,Product E,South,1459.5066403722744,31,40,1.020580683018859
2024-06-08,Product C,North,793.1379036758901,36,19,4.328536711830967
2024-01-12,Product B,West,1148.4866552684575,13,63,2.305734306013172
2024-08-20,Product A,West,1225.9912807232947,24,62,4.119381580604575
2024-11-21,Product C,South,594.9254764171525,7,27,2.728963135570049
2024-11-14,Product D,West,1167.1535982007747,22,21,1.6950139012302672
2024-08-29,Product D,East,788.83160490987,17,29,1.2694024058750868
2024-07-11,Product B,West,832.3234458185235,12,24,1.2625045782960518
2024-02-02,Product C,East,1113.1635625193562,23,43,1.635753133107026
2024-08-13,Product E,West,565.5958298751268,39,32,4.1792381949997175
2024-06-05,Product C,West,340.3582130139754,32,19,4.091291120067218
2024-03-24,Product C,East,445.9682696585795,38,32,3.9833480481238572
2024-06-11,Product A,North,829.9991762469683,24,29,3.2510011453735306
2024-07-26,Product C,West,874.323964225436,29,70,1.6146321526444507
2024-01-27,Product B,West,855.4680211045481,7,20,4.18719131145611
2024-06-29,Product D,South,1374.76053024626,25,47,1.469232755849578
2024-09-29,Product D,West,1147.4213701058493,36,26,1.8020989068013469
2024-11-14,Product E,North,563.9720508176782,13,34,1.0464821596324025
2024-09-30,Product B,South,1589.5982525361137,47,48,3.8875505117077402
2024-01-11,Product E,North,1111.6394173279482,8,28,2.9220277890313158
2024-03-28,Product A,North,1143.6616491795507,12,74,3.283618007376657
2024-03-20,Product D,West,1355.024274861756,33,19,3.1369688239057805
2024-08-20,Product E,South,801.7878255228593,33,30,1.314313988620083
2024-04-12,Product B,South,1539.3059580548568,15,51,1.1647339811170867
2024-10-31,Product C,North,1192.252858380103,3,76,1.1263445793025681
2024-09-18,Product A,East,539.8753822870492,12,25,4.789401850524155
2024-12-13,Product D,South,1258.3383006875804,47,76,2.9375937902961624
2024-03-24,Product D,South,940.6140620295008,3,58,1.655997923957989
2024-01-14,Product C,South,1395.1834680193558,12,40,3.6011767434938156
2024-01-25,Product E,East,690.5271259389526,32,68,1.6466901765872106
2024-07-29,Product E,West,841.210528736134,41,76,3.6013027453877475
2024-07-20,Product C,East,876.3060643795415,15,50,4.361809625107734
2024-10-31,Product E,East,576.4117070367246,24,37,3.5150592728237804
2024-08-07,Product D,South,1067.3355455679916,36,75,3.901030641660546
2024-08-15,Product B,East,1314.1294907836464,34,53,2.6868837074938217
2024-08-30,Product C,South,1442.9621049177688,15,50,1.5262707405090392
2024-01-08,Product D,West,1414.0274062442354,30,40,3.5301621329052244
2024-01-14,Product B,East,788.8907523902183,41,79,1.3895735702142087
2024-04-20,Product A,West,957.388441967684,2,56,1.654095490340091
2024-12-10,Product A,West,1242.1879374433252,1,57,3.3948559204004303
2024-06-12,Product E,East,626.2701822700903,47,48,1.9442018533858558
2024-07-13,Product B,North,1298.880045834142,1,22,1.9948570903505196
2024-06-19,Product D,North,851.8730250516062,20,45,1.1466857077341719
2024-06-23,Product E,West,1364.3527855916045,44,73,3.3414174575870086
2024-07-25,Product D,East,973.1432169256283,20,67,4.946771921428646
2024-10-19,Product D,South,1219.7920231646738,5,50,3.0289392347535697
2024-07-24,Product D,South,975.7850259674253,20,70,2.919588326368293
2024-09-07,Product C,South,1041.8027780863792,39,48,2.016898319589973
2024-06-26,Product D,South,1135.7604675464004,20,40,1.1198943594907118
2024-10-27,Product D,West,1019.1568904002429,8,67,1.7533963350624058
2024-09-20,Product E,West,1036.1769801672133,38,22,4.853387331281596
2024-06-23,Product B,North,990.733709328526,17,43,4.475619937914873
2024-08-19,Product A,West,1601.0221801546313,27,25,4.182041486785613
2024-10-15,Product A,East,1251.7554603148938,28,19,4.997654903082666
2024-03-03,Product A,North,1544.6118054480717,41,42,4.483013801349037
2024-03-13,Product E,North,818.698429166008,34,78,4.060763458223139
2024-05-11,Product C,South,901.9888015066524,34,35,4.511564636165311
2024-10-05,Product C,North,954.983323890242,7,42,2.3135249115403242
2024-03-05,Product D,South,1037.6729360414627,7,32,3.7818688267594487
2024-11-11,Product E,North,1319.0697158158055,35,61,1.0586682281850552
2024-09-23,Product C,West,1673.8386897808036,46,31,3.477961384038458
2024-09-21,Product C,North,1017.7426366817267,6,45,1.1025682632257428
2024-06-02,Product A,West,1337.8351078046142,5,51,3.1064951890758383
2024-10-26,Product D,East,1306.7322857181432,46,67,3.8619636283970977
2024-01-21,Product C,East,344.2868552573972,16,64,1.2851210802206556
2024-10-07,Product D,East,634.8085432410961,13,39,1.778233292741204
2024-11-29,Product E,West,855.3859615515349,48,70,2.1394916078476913
2024-01-27,Product E,East,1736.7328598687666,42,53,3.870543143634518
2024-01-02,Product A,North,1293.6680619738177,4,43,1.4875443733477902
2024-09-19,Product D,South,837.9033450587535,49,59,1.7409137861896387
2024-02-05,Product D,West,1154.0622124490542,7,71,3.200906168625047
2024-06-21,Product B,East,1036.6892509096851,21,39,3.3741542764925887
2024-01-26,Product A,East,1162.9894087109165,10,41,2.644113879226819
2024-05-04,Product B,West,1095.0226176413312,27,54,2.20824200733918
2024-05-31,Product C,West,1452.8987375188121,39,27,4.238119903073767
2024-06-12,Product B,North,657.362037011148,49,52,4.477038498604211
2024-06-09,Product E,North,924.9043864801018,22,65,2.249087144195184
2024-06-08,Product C,South,1220.2732869108936,25,19,2.0981610160005015
2024-09-19,Product E,South,594.3506660125825,3,59,2.712798459702459
2024-06-15,Product A,North,1116.9881758089705,38,59,4.6220991693186955
2024-04-18,Product D,West,1361.2204056654653,37,50,3.3830029127558268
2024-03-13,Product A,East,1348.5770806441242,13,66,4.327452453005688
2024-01-05,Product D,East,534.540835974947,32,38,2.084589746000739
2024-07-18,Product B,East,401.87930722856333,3,39,3.6779478207927605
2024-08-02,Product D,South,1112.2169709542716,38,34,4.981921962817028
2024-10-12,Product D,West,752.5094869202544,5,30,3.5398401823641326
2024-10-29,Product A,East,1048.4319589863096,16,59,1.3867057985868785
2024-04-30,Product D,North,299.3281827500116,23,45,4.896658514512062
2024-04-27,Product E,West,850.2108281284009,40,73,3.1598285211222383
2024-04-30,Product E,West,775.246227811261,39,49,1.5108539345409393
2024-09-28,Product D,South,1067.6028261067202,34,78,1.1446415220990485
2024-05-30,Product B,North,788.7136875426434,27,74,3.215208962849505
2024-11-26,Product C,West,928.3357756400208,23,43,3.402377333442469
2024-11-06,Product C,South,1075.3916922419141,37,69,1.8340420574293432
2024-08-26,Product A,South,999.5348482492292,38,35,3.5118002110905433
2024-06-06,Product B,South,789.0811305996568,7,69,4.27494001629708
2024-06-11,Product B,East,1130.1902267395142,2,52,2.384398906151142
2024-10-02,Product B,West,1036.9690818743986,33,53,3.4254837777335023
2024-11-16,Product E,West,1212.8385452289567,3,52,2.5946521110892524
2024-01-25,Product E,North,981.8438433081075,4,42,1.9302054334615204
2024-06-21,Product D,West,684.4915335700894,32,49,3.377163002247099
2024-01-31,Product D,South,1217.7300469489098,32,46,1.0707512384530289
2024-05-09,Product D,East,862.312934252628,19,48,1.2453985084426726
2024-09-22,Product A,South,1491.8465978252507,31,73,2.1894201929473556
2024-03-23,Product A,East,970.2121869875031,21,26,4.130784162976597
2024-09-19,Product D,North,1048.1721943149594,17,54,3.4608777529240435
2024-11-03,Product E,West,1000.9138060460243,36,77,4.392063540997606
2024-06-26,Product E,West,1514.3581204581196,35,24,3.10201848787456
2024-01-14,Product E,North,682.1843368572579,22,22,1.0441250577145889
2024-03-02,Product C,North,836.1266655242551,39,22,1.86080748806895
2024-07-31,Product B,South,1117.541201620764,45,38,1.7954251111011836
2024-06-21,Product D,North,1035.874110524246,21,69,2.064077112021523
2024-04-26,Product B,South,708.0793177355333,4,51,2.29870370756024
2024-09-08,Product B,West,1132.8419143062747,29,55,2.569574886113898
2024-02-11,Product E,North,1361.7780422849764,41,34,3.634768584829774
2024-05-08,Product B,West,940.6585942310481,40,38,4.300528783714816
2024-09-03,Product B,West,886.0727980059273,22,25,1.9078587774614566
2024-12-08,Product E,East,818.6982785310065,8,74,3.9848290299273543
2024-04-18,Product C,West,977.2547812545359,35,41,1.1422834681421934
2024-05-27,Product E,West,595.8621131410911,11,69,4.098614124724728
2024-01-28,Product C,East,708.5157884468045,5,22,3.6412108788053525
2024-12-17,Product B,South,1008.9337789703872,17,48,4.129939698255752
2024-12-25,Product A,North,745.6060367033997,2,32,1.8227490487822204
2024-02-18,Product D,South,936.5991743347023,25,75,2.913021178303695
2024-09-11,Product B,South,964.779742253512,21,53,2.171288146803859
2024-09-14,Product E,North,1012.2960369327826,32,77,1.6265537478952332
2024-01-10,Product A,West,1248.84217876944,18,72,1.3800467959692186
2024-11-10,Product D,South,1173.8327718601786,30,37,1.4860055052036723
2024-10-14,Product C,South,1044.309797568033,49,73,4.969661601957881
2024-05-01,Product A,West,949.8634858640766,13,79,2.84215798909656
2024-10-28,Product D,West,1084.7739851464898,11,39,4.012749343653612
2024-12-10,Product D,North,837.9539834877247,21,32,1.3674835508401788
2024-02-19,Product C,East,1094.2158902799579,24,61,3.9312061790650024
2024-06-19,Product E,North,1198.0031779351355,19,40,3.7555412082003627
2024-10-21,Product D,East,1430.5741079417608,25,54,1.640286539818292
2024-12-27,Product B,West,1178.9931500601137,3,18,2.1116083889954713
2024-08-11,Product B,South,1230.8594407152996,43,42,3.220339797209145
2024-10-28,Product C,East,703.8754689135933,9,69,3.096636682904649
2024-08-21,Product B,South,1446.0241407399321,12,34,1.0441264570498632
2024-04-30,Product B,North,565.0430303557282,31,72,2.8812762164071426
2024-07-29,Product E,South,668.1075456314975,4,64,2.7944425238181703
2024-01-20,Product B,West,862.5589038358797,38,38,1.0075195340996426
2024-12-24,Product E,South,892.6848453192267,38,63,2.4219720417654296
2024-02-26,Product E,West,1294.1454998561717,29,31,3.893619062449145
2024-08-16,Product B,East,923.2355926988405,4,73,3.4139506663858192
2024-06-10,Product B,East,1233.5083228499914,49,63,1.5959989445969738
2024-05-31,Product E,West,834.64428510144,30,75,3.830723738963663
2024-12-21,Product C,West,728.6455933031702,49,72,1.9434303965747484
2024-11-14,Product D,North,909.0721166815923,28,76,4.066354095886574
2024-11-08,Product D,South,692.7439527012385,4,37,4.142606472320928
2024-07-16,Product D,East,1556.2277699002566,39,26,4.801251011722367
2024-11-20,Product A,West,576.7526505736374,13,60,1.096767055565421
2024-09-10,Product E,South,647.6588419699849,17,76,2.194902294355092
2024-09-01,Product C,South,876.5737082021889,5,46,2.8469312544495287
2024-02-18,Product E,South,1158.6246537398983,5,53,1.5339198896637751
2024-09-16,Product B,East,1498.377764364361,6,58,1.6356326706774142
2024-11-11,Product D,West,862.8711230241184,31,37,3.627820625068558
2024-02-05,Product E,South,1265.899058818477,10,33,2.484828375559993
2024-04-15,Product A,North,792.2015326509692,6,61,1.6255272176137918
2024-08-15,Product C,West,1315.9172299046138,21,21,2.260758084389436
2024-01-07,Product B,West,1609.9915895810393,11,37,1.5119528341343456
2024-07-17,Product E,South,1146.2079409571152,14,74,2.977924525180372
2024-01-21,Product B,North,1166.6138042899656,3,40,1.7923905310389605
2024-10-31,Product C,East,1023.998014167743,41,50,1.6049873149397382
2024-07-14,Product B,North,1104.3718348974658,7,39,3.2448911531300997
2024-03-21,Product E,North,1128.6449500991719,41,56,3.8313403889190747
2024-01-17,Product B,South,1207.9316821789432,46,23,4.387674912354239
2024-11-25,Product E,North,865.4859342838354,48,68,3.6038938686038167
2024-03-26,Product D,West,1603.0027867900003,47,57,1.4477437080861213
2024-02-28,Product B,East,806.2107462626394,20,43,2.32086025948599
2024-08-01,Product E,East,760.2423980049239,22,69,4.482313700184028
2024-06-16,Product B,West,981.6869723590013,8,61,3.154807191810857
2024-08-14,Product D,East,779.2424652031495,25,76,2.5216800300302493
2024-07-15,Product C,East,1033.9811231613294,24,77,4.171417676135357
2024-06-12,Product E,North,568.5166065047899,8,72,3.5706986306896944
2024-08-25,Product B,South,1605.9513674962766,2,24,3.453892554556705
2024-12-30,Product C,East,450.8826604272556,43,57,3.028204415461764
2024-08-07,Product A,East,713.4632261951941,4,47,3.461192100279208
2024-09-02,Product C,West,1127.0797196780384,9,29,3.9589213283421625
2024-01-16,Product A,East,682.6853055789837,30,30,2.2920447935448554
2024-04-11,Product B,East,987.6953736989609,27,22,3.2390227345535303
2024-12-18,Product D,North,849.369098770336,5,52,1.7496477763903289
2024-09-21,Product D,South,1167.6072898099826,6,36,4.038329640458527
2024-12-29,Product D,North,972.6492641331439,3,29,2.340832189483491
2024-10-03,Product D,West,327.98503044414906,26,79,3.8763097894154224
2024-06-11,Product D,South,801.185868441121,11,74,2.7420218175926374
2024-05-29,Product A,North,391.0978396781253,44,28,4.374949305626897
2024-12-12,Product C,North,1111.7303940946638,2,52,3.7453087867443897
2024-06-04,Product A,West,762.9801024594166,1,25,1.2906834864400651
2024-05-07,Product C,West,899.2061471281165,15,38,1.1327574182497049
2024-04-26,Product E,South,1129.8185797390552,14,53,4.484817929052208
2024-02-08,Product A,East,1257.7771674999522,27,40,1.67632428142397
2024-12-19,Product D,North,1103.8533237498225,8,79,2.5216021958816386
2024-01-30,Product C,West,985.1869289331445,14,43,4.864973642827193
2024-05-29,Product A,East,909.1106635294213,46,68,4.3041562066662875
2024-10-01,Product A,West,719.3683893866214,19,64,2.799368831890237
2024-04-29,Product E,North,1325.7946348525097,36,57,2.0532631350128003
2024-09-21,Product A,West,1248.9886519214115,35,58,2.1996764460279388
2024-08-09,Product A,West,834.1494896136461,4,45,4.409055497564726
2024-12-26,Product E,South,1167.7477866709555,49,65,1.1386810669059333
2024-02-04,Product C,West,1675.866064665925,46,67,3.293397382540872
2024-05-28,Product E,West,1104.2591128474223,33,70,1.3754291392934248
2024-11-19,Product C,North,1349.052630386496,34,41,4.8232979348830085
2024-01-08,Product E,East,456.99027901822626,12,63,4.0955186229206255
2024-12-26,Product C,South,793.6198399488467,29,39,3.428358314875016
2024-11-02,Product D,North,695.6743368496002,7,45,1.4168992112333907
2024-03-16,Product E,East,1234.861073074404,22,61,4.8021242103448145
2024-06-10,Product C,East,1272.0573085377205,18,34,1.1590638599542782
2024-09-18,Product B,East,935.3505393040392,8,36,2.107257231165223
2024-04-02,Product E,North,831.2159551514031,48,62,2.897153681725042
2024-06-25,Product E,North,1683.4746109543744,38,66,1.0306561305969013
2024-07-08,Product C,West,907.237276885041,21,70,3.2881945734772033
2024-11-13,Product B,East,774.353078322825,41,26,4.266728701802872
2024-10-31,Product A,North,904.2838193000146,39,72,4.496890098740703
2024-07-10,Product C,South,761.1922429589533,19,28,1.5259564795919265
2024-02-15,Product E,North,1444.1704166625664,8,25,3.6837720189700316
2024-04-18,Product D,North,787.1949136191799,48,50,4.295161536885178
2024-04-12,Product D,South,1206.3589981561054,46,40,3.8702884989263775
2024-08-02,Product A,East,1125.8996567794209,20,35,2.0267769132401834
2024-11-19,Product A,East,798.9249934821287,47,45,3.1983346268885744
2024-04-22,Product A,West,1080.2220947066392,15,58,4.7669028464757
2024-10-11,Product A,South,1352.8525315719758,10,31,3.544384185638169
2024-04-27,Product A,North,479.8049411747942,39,45,1.687393925308378
2024-06-03,Product E,South,1384.6296762875663,30,57,4.280050516477424
2024-09-24,Product C,East,1035.060814702334,1,72,3.308799546938203
2024-12-22,Product E,South,412.1829321727769,23,41,3.6091665943677587
2024-10-10,Product E,South,1219.794808218725,43,35,2.615591456680495
2024-03-13,Product E,South,920.2691240518051,34,49,4.289689494673114
2024-06-04,Product D,East,1430.0267259475504,41,40,2.2754672732845553
2024-02-17,Product B,East,1475.6939478657198,33,41,2.4982115480804854
2024-06-04,Product E,East,1233.8700181721144,4,54,4.560388140735233
2024-07-11,Product D,East,1014.873556145412,28,52,2.3624166663251667
2024-05-05,Product C,North,951.5967365044619,49,55,4.38855795877514
2024-06-24,Product D,West,992.0782729123218,4,66,1.562211870313443
2024-11-20,Product C,East,1084.0483476458821,11,62,2.536826851943201
2024-06-03,Product C,West,469.81079406682716,6,76,1.5882474022663535
2024-09-01,Product B,North,564.7080212676735,37,59,2.4992142711271854
2024-02-04,Product D,South,538.1000442180041,48,39,3.165630429390341
2024-06-13,Product A,North,554.1168910149119,13,51,1.673347823676521
2024-11-04,Product C,East,459.68267975417837,32,62,1.7784953468194877
2024-12-06,Product D,North,837.1978600797935,44,28,3.2308353050001757
2024-04-01,Product E,East,1097.3199915363734,36,68,4.129553317840349
2024-04-08,Product D,South,892.6266728856513,40,39,3.277509444729131
2024-09-06,Product C,North,791.8395037575946,5,34,3.8435388667292765
2024-05-26,Product C,North,1136.491567180292,34,28,2.41384296218713
2024-02-16,Product D,South,1092.4151618512308,28,22,4.176842650197622
2024-01-20,Product A,South,882.5054297734627,12,23,1.5951838776204625
2024-05-26,Product B,West,1065.164292894203,6,72,2.5013196316784074
2024-04-11,Product C,North,896.0100449527533,24,40,2.5461620272921115
2024-07-21,Product A,East,1316.8170427198156,14,44,2.6303368342952678
2024-06-23,Product D,East,1066.971674238748,45,52,1.8018980621136111
2024-11-24,Product D,North,1349.7418057625157,32,25,1.2498303744762858
2024-10-20,Product C,East,938.6635060944326,5,30,4.886132169562355
2024-07-07,Product B,West,1023.7000250833187,21,33,4.279191219938911
2024-06-17,Product C,West,1323.8630862434923,30,74,4.173576057221391
2024-06-11,Product C,South,1285.937513612826,7,47,1.05726111066824
2024-03-05,Product D,North,1153.925626029188,37,18,1.2761181635513985
2024-05-20,Product E,West,1356.6740114423928,36,52,3.4544164569498337
2024-04-13,Product A,South,1212.4911541603192,46,31,2.6301721241297233
2024-12-23,Product C,East,1632.8333783927378,13,62,3.791025104293718
2024-02-14,Product E,East,1235.3800955310126,38,33,3.726994576360645
2024-05-24,Product B,South,959.0657609937485,2,19,3.8404402256868266
2024-07-02,Product D,South,514.6498283325034,39,20,4.213930973187539
2024-04-29,Product C,South,920.6455476068168,1,34,3.561904168703376
2024-09-25,Product E,East,398.8412906779739,19,74,4.038445714799186
2024-01-31,Product A,East,94.14635325375241,10,53,3.49913545115761
2024-02-21,Product D,West,1055.1548634261085,14,67,3.855810530026359
2024-02-22,Product D,North,1067.8902804465602,12,72,1.6344965781055119
2024-10-16,Product B,West,1128.2367774985348,34,28,2.0861881896449694
2024-02-18,Product A,East,1168.0919323969317,18,49,3.3739430519037388
2024-07-27,Product B,West,815.3113976507306,41,23,1.987295476807609
2024-11-15,Product E,West,918.1073800240495,19,26,4.37084760864222
2024-04-09,Product B,East,766.7382880465068,13,36,4.6397725754175685
2024-04-21,Product D,East,1079.6087048198885,26,46,2.5505952218225882
2024-08-04,Product B,East,825.1724027165253,23,38,3.852184202537275
2024-01-13,Product E,North,802.5179670396046,4,64,4.775929221452838
2024-07-19,Product E,West,881.8728050580364,19,36,3.5765968859036636
2024-10-24,Product A,North,272.4357166382197,41,52,2.830798420637176
2024-05-25,Product C,West,990.9485000112595,41,77,4.435826741682519
2024-01-13,Product B,North,1098.023429380696,16,26,3.6294139286805143
2024-11-05,Product A,West,1090.1423078832486,45,40,3.4310084890108903
2024-06-10,Product A,West,1041.489606935743,1,53,1.3413653459372994
2024-08-22,Product C,North,898.0256482692349,49,71,4.128061339731869
2024-02-22,Product D,East,542.4042729299633,22,34,1.4974735960020409
2024-05-17,Product C,North,659.8553214739351,3,64,2.3209711173456213
2024-09-24,Product D,West,1185.1090510962088,26,55,4.049236128087754
2024-04-28,Product D,West,1110.216607189189,47,34,3.085184190616556
2024-07-04,Product D,East,771.0553530568857,47,47,2.4709346032204396
2024-05-13,Product E,North,1040.7261639752994,33,72,3.0718421108503158
2024-08-31,Product A,South,1531.3287697931662,36,30,4.896777775265429
2024-04-20,Product C,North,1551.282019919413,32,28,4.31905248115058
2024-08-04,Product E,South,1093.6208793384903,34,45,2.89360352597965
2024-05-03,Product D,South,1044.9795010190173,4,43,4.960835574350486
2024-04-28,Product E,West,1006.2659464887886,15,49,1.302420162467003
2024-08-20,Product A,East,1069.2102717156051,26,61,3.4789382857323567
2024-01-26,Product A,South,658.8575858391333,13,70,3.109060723661026
2024-03-08,Product D,East,718.178264859845,43,18,2.380768833976842
2024-02-21,Product D,North,1099.0195002437865,26,66,4.722427219386148
2024-03-24,Product D,North,1185.9778997187414,11,73,1.5370994036091021
2024-08-13,Product E,South,841.0186691612532,38,79,4.227861963535974
2024-07-28,Product B,South,1067.3877356167059,13,48,1.1755997705720205
2024-01-06,Product E,West,1134.3585243255382,28,61,4.842507902052799
2024-09-28,Product D,East,1111.3282153941766,48,73,3.846891222984195
2024-03-30,Product A,West,872.8670765655908,19,40,1.29232624810806
2024-06-02,Product D,West,514.7911149674296,29,76,2.420164225807833
2024-09-29,Product C,East,1127.7661618579107,8,30,4.416887625363472
2024-12-17,Product D,East,1005.7443332247257,30,18,2.8329386015713354
2024-03-21,Product C,West,1445.2348085607896,22,61,1.0484124671044297
2024-03-14,Product D,North,1106.6840046356979,28,45,1.914707118414435
2024-06-19,Product E,West,853.0149534518396,8,65,1.3815971092528425
2024-04-10,Product C,North,1140.5817389498775,29,20,4.578571190310538
2024-06-21,Product B,West,772.6023332443979,27,51,4.973020061691856
2024-06-08,Product A,North,530.0950801107722,7,66,3.5417745826380904
2024-04-26,Product C,East,1030.1560283524486,14,34,4.150196343435117
2024-04-25,Product E,West,1176.3194957439828,27,35,3.6265242948315044
2024-04-23,Product A,South,758.8082803579066,1,34,1.5927117129197819
2024-08-24,Product A,North,1223.8264358619053,4,22,3.8766395877782758
2024-11-07,Product C,North,1485.1637724905872,19,62,2.4122015664012095
2024-10-29,Product B,West,1031.3067812569639,5,38,4.052433454405233
2024-10-05,Product B,West,564.6472929845323,29,25,1.7445435910133917
2024-05-26,Product D,South,996.3733156461836,27,21,2.1809672099585686
2024-07-13,Product C,West,804.1126026226567,4,20,3.0626376234258137
2024-06-29,Product D,East,1364.014419971498,45,22,2.567295853134
2024-06-29,Product A,North,805.0535565577538,6,54,3.8925130955302167
2024-06-16,Product E,North,1040.1879721496935,20,20,4.530937522693688
2024-12-07,Product D,West,1332.0971238935508,36,64,2.66377561832742
2024-12-08,Product B,South,727.8219859716633,30,79,4.272106996554772
2024-04-21,Product C,East,861.9209795250031,47,71,2.623004674460244
2024-01-16,Product E,South,659.3617318905608,21,25,3.644057016989281
2024-02-28,Product B,South,475.4855031577405,32,27,2.9274699170984664
2024-09-29,Product D,West,1039.9281205410352,47,42,1.519765489071765
2024-12-22,Product A,North,745.7710923646163,17,58,2.795254582986424
2024-07-12,Product C,South,1161.6418635255861,1,64,3.7783817090131415
2024-06-15,Product E,South,938.5228624677674,41,46,1.5686817868155822
2024-03-10,Product D,West,979.636668378107,3,34,3.804679446361039
2024-03-16,Product E,East,435.86708346254863,26,32,3.026690595930983
2024-12-17,Product D,South,1147.9516009605163,49,36,4.128685052364984
2024-03-18,Product B,North,981.9133025825165,4,41,3.819484040173527
2024-12-04,Product A,North,1136.4385508927141,49,57,1.2066748866318444
2024-07-11,Product E,East,688.9146982075174,48,79,3.210828302874181
2024-07-22,Product C,East,985.5381755538813,10,42,1.6290928327188614
2024-05-30,Product B,West,1001.943845266215,8,24,2.25145264342052
2024-04-23,Product C,East,1405.8523524079817,18,69,3.6960796762351706
2024-05-03,Product A,North,983.6161977825722,5,44,2.6466218418268097
2024-04-06,Product E,North,928.0303248759517,28,31,3.422019066463506
2024-02-28,Product A,South,926.245006306601,22,22,1.2884443717177407
2024-02-16,Product D,North,815.7290144353909,13,37,3.6859165946688277
2024-03-19,Product C,West,875.9604516630172,29,41,2.1052764338634145
2024-07-20,Product A,North,1078.0841519748658,8,43,2.800466105899244
2024-07-20,Product A,South,1454.0793923958336,26,37,2.690914547575729
2024-08-06,Product A,West,815.9917562445152,7,76,3.4219306768576185
2024-04-07,Product A,East,723.442056062406,10,55,4.874149326799569
2024-10-21,Product C,North,698.8127883755504,47,55,1.2733364193824168
2024-02-10,Product D,West,734.2137060116212,2,47,3.566527635309418
2024-11-18,Product C,South,972.647729944431,9,50,3.6882241550090136
2024-11-21,Product A,East,1196.6804282648523,29,21,4.786934915693582
2024-06-02,Product A,South,539.0429155168649,15,76,3.9461409133391703
2024-02-17,Product E,East,1179.3195124340873,30,42,1.2019557776496317
2024-10-27,Product D,East,1389.992214017726,49,26,2.8010169845715613
2024-05-17,Product D,North,884.3850017424353,32,23,4.908027817755774
2024-05-24,Product B,South,1126.1357431742674,27,71,2.308178576607271
2024-08-31,Product C,North,960.5582212984997,15,21,2.737613276026439
2024-03-13,Product C,South,1247.8141514324518,19,73,1.9166878048566485
2024-02-12,Product A,North,1242.2592999456429,40,56,1.7970813458672033
2024-05-30,Product D,East,708.02730598824,33,74,1.0632527849318483
2024-10-25,Product B,West,708.0653919336039,33,28,3.3792128587111585
2024-04-03,Product B,South,436.7671344291673,38,36,2.974003968617633
2024-11-14,Product E,West,1144.6746858041972,1,72,3.9516695734161016
2024-08-25,Product C,South,628.7012733018107,42,34,4.68306643385343
2024-04-16,Product A,East,764.2041902095053,37,26,1.1400316592272226
2024-07-05,Product E,South,585.6866190538676,43,76,3.821843321133945
2024-06-16,Product D,South,1161.497206719078,28,35,4.29897294938803
2024-05-29,Product C,South,1055.2743741832307,13,21,3.360930636603571
2024-05-14,Product E,East,1237.9508100379294,15,18,4.057762912302017
2024-08-29,Product A,North,995.0392749257123,38,55,1.4475224661964954
2024-05-12,Product A,South,1242.667876031803,19,52,4.223378130471332
2024-05-08,Product D,West,1163.9391292442988,27,73,3.2135207514629904
2024-06-01,Product E,North,1314.690982777351,25,62,2.2311833267229826
2024-02-01,Product E,West,859.9590643922412,46,59,2.49408070759875
2024-11-09,Product A,North,931.0601108274418,45,52,2.3955603001672943
2024-04-27,Product E,South,744.5780697219059,23,34,2.379125680290588
2024-11-08,Product A,North,303.5108779900254,32,63,2.539214468884413
2024-04-21,Product E,North,680.2900847933674,40,38,3.874958471414121
2024-05-13,Product D,South,1112.2834541443435,30,34,2.656803702287321
2024-05-01,Product B,East,448.4479504592349,36,51,3.0768982831208205
2024-01-28,Product C,South,847.4831886225795,19,71,1.8782156929192078
2024-05-31,Product C,North,801.7773891894075,9,64,4.0154602953477
2024-01-19,Product C,South,1446.9248821961744,29,67,2.3102086607205297
2024-05-20,Product A,South,844.6739964864199,29,65,4.780456755024035
2024-02-17,Product A,North,899.2807015240835,24,43,3.0491390289739404
2024-09-25,Product E,South,763.1663919277037,49,20,1.8172655335958812
2024-10-31,Product E,North,986.2899306709662,15,46,3.5137058264583483
2024-10-08,Product D,West,770.5024153731617,25,71,3.893774649419648
2024-04-29,Product A,North,1108.4326110841976,44,68,2.142035120474046
2024-07-17,Product E,East,1101.5040000764773,19,19,2.6182746256160696
2024-09-27,Product C,East,944.6246010264053,40,35,4.607096114184914
2024-02-17,Product B,West,790.5413400725173,8,39,2.91704035965815
2024-08-26,Product A,West,817.989911570411,2,30,4.2152581807737874
2024-11-30,Product D,West,1063.3851076838419,29,76,1.171350220476453
2024-11-18,Product C,East,623.7103411192745,4,76,2.477927736125521
2024-11-26,Product B,East,558.7273728437206,43,49,1.0334547275074284
2024-08-22,Product B,South,883.1395026158998,31,77,1.3814864090922345
2024-07-25,Product A,West,1315.5939862627997,8,26,3.334854350925456
2024-12-22,Product E,South,1025.1479883788083,17,52,3.6846298935187547
2024-07-10,Product D,North,1423.1377435610511,7,45,1.7799007996011569
2024-08-07,Product E,South,1059.1876796893619,3,38,3.6165309481114947
2024-10-18,Product B,North,1093.3926020328654,22,79,1.6259068640144023
2024-06-18,Product E,North,758.4827822969789,40,76,1.741491116330046
2024-08-24,Product C,South,1451.6246801525388,30,47,4.631354055534136
2024-10-26,Product C,East,1623.213998677373,12,68,4.287323786341437
2024-05-25,Product A,West,1426.3848948857499,38,74,2.056247938774875
2024-06-14,Product C,South,1047.9894567321446,32,45,2.852458855350046
2024-04-19,Product E,East,540.6315810449868,36,24,2.0585401077014294
2024-07-25,Product D,West,790.9684544711275,20,75,3.7957953139495424
2024-07-22,Product A,West,1174.607970125418,8,18,2.8559605258577
2024-01-22,Product E,North,1294.0280605210314,48,23,2.715939727363562
2024-07-05,Product E,East,1106.7668132662957,40,30,4.301662656495792
2024-09-14,Product C,North,787.8119858092115,48,44,4.995570448133162
2024-10-25,Product E,East,1037.6095947295507,27,49,3.6970353680259964
2024-12-30,Product C,East,472.5420978172085,13,66,4.844637662840661
2024-07-05,Product E,East,1191.5352805493694,11,47,2.251111956841416
2024-10-30,Product E,East,1071.8766642172507,36,49,1.5305783104038126
2024-09-12,Product C,South,1145.2477356798859,35,20,3.4984561924581263
2024-12-06,Product E,South,800.2439775298228,29,36,2.769175221804541
2024-03-14,Product E,East,949.2546472770039,25,37,3.2779379366890153
2024-12-08,Product C,South,1416.986610066347,5,68,2.7722374493216844
2024-02-19,Product D,South,547.8784230464839,49,59,3.8604006451348
2024-01-14,Product C,West,1586.247230125086,18,73,4.766767946632122
2024-10-03,Product D,North,848.275988721419,23,58,3.577026894603246
2024-12-10,Product A,South,777.2547302384849,7,21,2.6553098612831834
2024-04-13,Product D,South,854.4082493896395,22,67,3.6710423664126117
2024-04-02,Product B,West,946.2550727009715,40,71,3.7428021717345756
2024-06-14,Product C,West,619.595737784987,26,47,4.526462559511991
2024-11-17,Product E,North,1115.896995343468,26,28,3.3713607220324406
2024-10-25,Product D,West,938.6586337041635,29,57,1.923178615706127
2024-07-27,Product D,West,1243.0241955727556,43,24,3.0063027996717935
2024-08-26,Product C,North,676.6377691093824,23,41,4.5383331716847515
2024-03-13,Product C,East,1086.5961792422452,8,32,4.3895517222854945
2024-08-09,Product D,West,1022.4328803765906,39,70,4.901372533916282
2024-09-29,Product B,South,1148.0960695918263,34,67,2.6648722353813974
2024-02-27,Product B,East,446.3261094027515,20,67,2.0742486698145703
2024-02-21,Product E,West,981.4707400419613,23,57,1.8290919162706705
2024-07-10,Product E,South,1143.8324554258193,10,56,2.462382804015867
2024-05-04,Product E,West,1059.7891929976192,38,41,1.6197012445737706
2024-10-04,Product B,East,1086.0189517251374,11,45,3.468875223511603
2024-07-08,Product E,West,1055.1503548967512,46,41,3.4959939421159296
2024-04-21,Product D,South,1807.910099194149,23,34,2.7669859665508283
2024-08-10,Product B,North,701.0974953478587,34,26,1.7629039503635786
2024-03-29,Product B,East,1294.9352898929642,12,57,3.6568068522871426
2024-04-15,Product E,North,1004.964819672734,13,33,3.624220087902816
2024-11-27,Product D,South,894.3833176864191,19,77,2.4456151162687454
2024-08-14,Product B,West,842.1512939357533,25,49,1.5040081114559771
2024-12-30,Product A,North,410.71224332931604,37,23,3.2709092717242183
2024-07-06,Product B,South,630.019352110937,39,25,2.4886930209875886
2024-06-08,Product C,South,1198.2170183391247,38,73,1.7410814215332948
2024-08-09,Product C,West,227.835365480674,16,39,3.4154039301611117
2024-07-18,Product A,South,923.686967258335,14,49,4.190929053392856
2024-09-12,Product C,West,1353.917562508213,5,79,4.9540865919817865
2024-05-06,Product A,East,1058.2322892860072,21,75,3.0878120139142555
2024-01-13,Product E,East,825.7528141460493,13,34,1.6081942696979672
2024-09-29,Product B,West,1039.1362336266031,27,62,4.778662928684381
2024-11-23,Product C,South,1128.8874821901024,37,66,4.090065144317617
2024-07-07,Product B,South,1409.5446285676244,18,34,3.8163330852853563
2024-01-13,Product B,North,935.0766475022234,43,38,4.0515733422174565
2024-04-21,Product A,West,1555.7694186325148,19,69,3.680130151230267
2024-06-28,Product B,West,804.750182311011,30,50,4.411927981322366
2024-05-16,Product A,West,1000.5537865693017,35,28,2.7961550717205035
2024-09-21,Product D,North,1039.3570271031651,8,25,4.6894699386804115
2024-09-24,Product A,East,1025.9285551235305,40,59,2.5683743076182908
2024-05-18,Product C,East,780.7131172853581,29,38,3.2631262193639854
2024-02-25,Product B,South,1227.3765549770858,37,62,4.307434243891013
2024-11-05,Product A,North,789.1815952262084,49,38,4.845969298296449
2024-03-03,Product C,East,638.5920151515661,28,76,3.4458544449026434
2024-05-26,Product D,South,1414.7925806992578,4,39,2.109858718899816
2024-10-25,Product D,South,1498.012746845045,13,69,3.712455323816835
2024-04-14,Product D,East,1416.9892205812607,35,63,1.3157576117862222
2024-10-10,Product A,South,908.8720655440676,18,65,4.33828716102251
2024-07-26,Product B,West,856.4260300407417,47,33,3.840530562258149
2024-10-13,Product E,North,870.8240319453163,34,20,1.986634463221626
2024-04-27,Product B,North,1247.4247019716893,10,36,4.617439099975429
2024-01-05,Product C,South,1244.8020546323269,27,33,4.136824697461067
2024-06-11,Product D,North,715.3250437525488,34,40,4.538347552918455
2024-12-05,Product D,East,1524.2089593746673,4,40,2.195428541036123
2024-05-08,Product A,South,841.3066875807954,25,37,4.323796684220273
2024-08-01,Product E,South,683.0327071719241,33,69,2.15178137070397
2024-05-22,Product B,South,1124.5195284807953,25,38,3.334420148032399
2024-03-10,Product A,East,806.7861952861626,48,61,3.932000428890493
2024-03-31,Product B,North,1079.206024400101,23,20,2.643428367361986
2024-05-17,Product A,West,1381.7060500320304,49,25,4.306204296765857
2024-03-01,Product E,South,660.9388825978228,45,55,1.8587835498534218
2024-03-13,Product C,West,1723.5030026735262,2,18,3.7988208243979047
2024-11-02,Product C,West,1130.4493662300536,13,76,3.992643305550742
2024-08-07,Product B,South,903.1746921644694,9,56,4.878894531191908
2024-07-02,Product B,East,548.537202151262,37,64,3.297747023488823
2024-09-05,Product B,South,1037.7951863346732,42,38,3.9807179814784575
2024-01-22,Product C,North,853.4824807548904,17,34,3.229242301257234
2024-05-20,Product A,South,1126.035399475592,17,65,2.9285283956793675
2024-09-18,Product C,South,909.4655838850744,15,71,4.047534447449776
2024-09-25,Product A,East,920.2858487165624,35,77,1.4745750629663212
2024-02-27,Product A,East,847.0579920427352,5,43,2.630992420010929
2024-07-16,Product C,West,1010.3323035117525,18,21,3.2487552442581005
2024-01-14,Product E,East,711.1802304146163,19,60,1.1761615175538576
2024-12-02,Product C,East,938.016616091186,20,53,3.725412052965395
2024-05-01,Product D,West,808.9520650829982,7,60,4.849045786436626
2024-12-20,Product D,North,442.68404159268664,6,75,3.151131738965506
2024-08-26,Product D,West,1095.2359783750526,4,62,1.8803547074855462
2024-12-17,Product E,South,900.1418786852466,31,20,1.925522545507392
2024-10-06,Product C,East,1067.5792351742648,16,52,1.3654964194416368
2024-08-17,Product B,South,1207.8168265350578,5,70,2.713831615395182
2024-02-29,Product B,East,1090.6933915442928,30,23,4.772699291845139
2024-04-17,Product D,North,1225.848164142542,23,23,2.004677070193605
2024-05-25,Product B,West,1149.8233207583808,6,65,4.537420601823014
2024-11-18,Product B,East,915.8269966165573,43,34,3.7867804457469942
2024-12-02,Product A,East,1392.4035746985335,6,52,4.787024978768963
2024-05-29,Product C,North,646.355007932561,42,20,4.990491289005542
2024-03-16,Product A,South,1133.0505161753574,47,22,2.2288656680850836
2024-09-12,Product A,West,654.4394846239677,34,62,3.2616798704309695
2024-01-25,Product B,South,1282.8538515198188,30,72,4.219854921597018
2024-01-25,Product C,West,1333.104693974288,48,51,1.3072297642771251
2024-01-11,Product E,North,964.2212579229257,17,79,4.473638095787736
2024-11-27,Product A,South,1082.078144901835,18,71,1.8547925662813136
2024-09-28,Product A,East,892.3702191714559,26,33,1.0452101463560899
2024-12-29,Product C,East,975.5431519541953,47,65,3.790865230213172
2024-07-06,Product E,West,1012.3976896811855,27,44,3.2642865857926604
2024-03-12,Product D,West,1132.9006391342125,13,79,1.653346592356229
2024-03-03,Product E,North,1190.6984790252882,5,43,1.3814436850920142
2024-10-10,Product E,East,835.3752599755544,12,54,1.334099658720075
2024-09-26,Product B,East,996.7186488951413,37,46,2.3376047159549946
2024-08-15,Product D,East,802.7545186100967,13,59,1.8343534709642029
2024-06-13,Product C,East,948.4156195266172,6,53,2.630863082660901
2024-08-11,Product B,North,949.0995523656334,36,47,2.567642251775636
2024-02-03,Product E,East,604.8604240160246,22,69,4.582759777066466
2024-11-24,Product C,East,1232.8083741530427,38,23,4.500472178232188
2024-11-30,Product A,West,1293.5266336084105,18,22,1.6252678828354434
2024-05-05,Product C,North,1156.6427637801808,22,75,1.1397569856239538
2024-10-26,Product B,North,1181.5671103054767,21,78,3.551607498211846
2024-04-04,Product E,West,1334.6299892143404,2,76,2.6447619034779644
2024-05-09,Product B,West,1002.7132624596893,16,63,1.094129977656395
2024-04-16,Product A,East,1631.1195753448928,21,21,3.41276866245867
2024-11-01,Product D,East,740.1413203919703,32,18,3.6083722475266025
2024-06-29,Product B,East,28.168682517979278,2,59,4.462249532688814
2024-04-17,Product C,South,843.8853639392814,11,62,1.5403205849030428
2024-07-13,Product B,East,918.5632793643779,49,71,3.412600480491788
2024-05-23,Product B,West,1205.1017264250752,33,30,3.644562713714786
2024-02-11,Product E,South,983.3657913658622,16,62,3.423987869084102
2024-08-29,Product C,East,745.9447101623906,26,42,4.7154381993822625
2024-03-13,Product D,South,1374.885671589,9,27,1.3263948800193535
2024-08-13,Product D,East,678.7442743946683,36,41,2.9703960208872564
2024-06-07,Product A,South,1573.425726141917,2,46,4.223915603470335
2024-04-10,Product D,West,1003.7497965721751,10,63,1.3595074069446427
2024-05-25,Product B,West,1860.5209167000305,12,39,1.5731258348105643
2024-02-05,Product E,West,1264.3369417838578,36,73,4.168764779206704
2024-06-12,Product D,South,1210.562734392376,38,20,2.014542222056153
2024-12-30,Product C,West,1195.7939221531235,40,68,3.3738455308188953
2024-07-24,Product D,West,658.6937630347797,17,62,4.349052028554035
2024-11-12,Product D,North,771.9431653113741,23,57,2.153006308669474
2024-07-24,Product C,North,1086.1400062368957,31,52,2.4263847039448225
2024-03-23,Product E,East,1399.6567332282357,31,39,3.665071445916154
2024-11-20,Product D,East,1067.9775974478432,25,25,1.379861100913506
2024-07-30,Product D,East,980.3456472823804,26,33,4.982275601962751
2024-02-15,Product C,North,1098.3583422252327,47,18,2.610814883978241
2024-12-05,Product E,West,1101.5658628857743,35,22,3.3139700329173203
2024-07-22,Product D,North,718.6223270390803,20,26,4.216382678534371
2024-08-30,Product C,South,1035.3653518310066,13,77,4.069995322362821
2024-02-21,Product E,North,948.5947021589144,22,60,1.7849828668246626
2024-07-18,Product B,South,983.8285452982783,43,30,3.165497683629753
2024-01-20,Product C,West,705.3089258868056,39,68,3.34235073549045
2024-09-23,Product B,South,1591.2592812153398,46,69,2.2310836211725964
2024-08-07,Product A,East,994.1593902768709,40,25,3.332520876398334
2024-09-19,Product C,East,590.2527533753683,26,55,3.225858549395288
2024-02-20,Product E,North,955.3092070698109,46,70,2.263092604997984
2024-09-25,Product A,North,692.0892377002324,4,28,4.722569905407839
2024-01-07,Product B,East,1369.000171815745,28,71,3.201887108411762
2024-10-05,Product B,West,451.9214360566499,25,71,2.8669123750718017
2024-12-18,Product D,South,1283.0700645702234,14,52,3.632408872225968
2024-09-29,Product C,West,959.0984958956541,25,68,1.0007461126826525
2024-02-16,Product E,West,1318.1187715701649,38,40,2.659841744318722
2024-01-07,Product A,South,844.0200296522379,7,65,3.3269465896847468
2024-08-17,Product C,West,852.3789787154062,33,18,1.6501519498748314
2024-07-06,Product B,West,747.8825391383677,26,21,3.2094645512689373
2024-06-26,Product A,North,1202.9325449484313,35,25,2.381923414893783
2024-10-18,Product B,West,1037.1752279027935,14,74,2.585250501992882
2024-01-16,Product C,East,762.4871948297215,31,21,3.4576000297252953
2024-02-08,Product B,West,1360.7433242959025,30,39,2.9073555109324976
2024-04-17,Product D,South,1095.1440954131426,36,35,2.2278891288360727
2024-09-11,Product E,North,705.0633596254474,44,25,4.206737172765219
2024-01-19,Product E,South,514.3584073426963,31,79,4.743748992994238
2024-09-05,Product B,North,1119.6085550866712,30,44,2.3673891419923683
2024-09-02,Product E,West,853.2282301002716,29,50,3.267571184998144
2024-04-26,Product B,West,933.8541537497765,18,61,4.008514798174285
2024-07-04,Product A,West,920.6155889883612,31,75,2.7646022089225295
2024-07-28,Product D,North,770.4332901985922,2,61,4.741512645228469
2024-01-25,Product A,North,1001.885357467562,16,48,3.164455299515379
2024-08-11,Product D,East,1330.878319822798,45,39,1.2383483894125749
2024-08-02,Product E,South,1580.5961009795212,32,76,1.9070905012785828
2024-10-21,Product B,East,1129.3362892292228,29,32,3.3920364693149985
2024-04-20,Product E,North,809.412518594173,19,20,2.5311364016121622
2024-05-01,Product D,East,781.6982935431328,45,25,3.2954633987083852
2024-11-28,Product C,West,1002.8395582068044,9,77,2.0324157166418737
2024-11-22,Product B,North,1017.140906548379,44,18,2.321565894662466
2024-07-26,Product A,North,1277.2586397970604,12,42,1.5077776550198907
2024-06-02,Product A,West,1095.7480870275972,18,79,2.528557899330277
2024-11-29,Product D,South,1039.3062286236095,28,68,2.324585956656599
2024-06-08,Product A,West,1285.8041238525013,4,63,4.954159948182827
2024-11-18,Product B,West,1549.1181568384495,6,33,4.852636108260266
2024-04-03,Product E,North,621.5743024745798,10,72,1.4494579277959425
2024-06-23,Product D,East,1152.2023065678623,13,67,3.5109816595893455
2024-07-21,Product C,East,1358.2285749838454,14,71,3.920973337431472
2024-08-03,Product A,North,665.1407165920931,43,72,3.4491030627754897
2024-10-01,Product B,West,833.7834119761649,33,36,3.0875373126317727
2024-06-28,Product E,South,1479.7470053585844,49,54,3.7682022121589793
2024-04-07,Product C,West,336.98716321294603,23,77,4.986105235194477
2024-01-16,Product D,West,1331.221182784615,35,77,4.976326618582302
2024-11-23,Product D,East,825.4653899823838,23,60,3.802902085137055
2024-12-17,Product E,East,647.8360106773082,18,40,1.9752077508407182
2024-11-08,Product C,North,838.9830669750914,7,67,1.1732610930172478
2024-12-12,Product C,North,1214.8332094243299,45,74,4.184974437825549
2024-03-30,Product E,North,442.0195414520182,28,34,3.776069656422968
2024-01-25,Product B,South,818.3963789868155,41,23,4.632060357499897
2024-02-07,Product E,East,1192.162880522432,35,50,1.3656879672685527
2024-05-25,Product A,West,1036.9234604968544,24,62,2.014451083438833
2024-01-01,Product D,North,1280.862702873985,34,46,4.24064435983881
2024-07-29,Product A,West,1055.4430907469216,9,18,2.309683834933792
2024-12-01,Product D,West,755.3873115051637,45,23,3.3586139806061905
2024-03-10,Product A,West,680.1295204302326,43,56,3.8922865441986754
2024-01-10,Product A,West,923.7255605761799,9,48,1.0554485436514405
2024-07-09,Product A,North,1012.4105631996671,9,43,4.731011756241253
2024-09-28,Product C,North,967.7935627857951,20,32,3.6521088148925895
2024-09-14,Product E,North,1299.8257098033732,4,59,3.943671814207955
2024-07-07,Product A,West,577.5689878561325,9,47,2.02476605775742
2024-04-08,Product E,North,1324.547845312079,42,30,1.8378230780380442
2024-05-20,Product D,North,1234.6390004594377,7,19,3.721917850097496
2024-02-29,Product E,East,762.730185499734,29,31,2.49578853791627
2024-07-15,Product A,East,971.4070836851948,17,62,3.686835436976243
2024-01-13,Product B,East,1125.078850979445,28,59,3.9044450373785478
2024-07-13,Product B,East,1569.330105023793,5,36,2.5931221963562177
2024-11-13,Product A,West,715.6321848193041,15,42,2.2949233024416946
2024-02-04,Product A,East,962.880195970073,19,66,1.2497253091111213
2024-04-20,Product C,West,1137.3416829777354,18,45,3.399871433044264
2024-03-23,Product B,North,1234.8621204845717,27,27,4.058603801539494
2024-01-06,Product B,East,870.6623291274702,6,46,2.312640289414431
2024-12-02,Product C,South,759.4884872053082,28,20,1.7085085767930162
2024-07-07,Product C,South,682.0149763045849,48,38,3.730610420176796
2024-12-24,Product C,West,882.237232530708,22,76,4.212979618659225
2024-04-18,Product A,North,1207.6358515265472,8,73,3.587348915705524
2024-02-04,Product C,East,938.8818615875206,38,24,2.533588564233036
2024-02-10,Product C,East,1541.9548631986029,42,70,3.5441893693565065
2024-03-03,Product D,North,1745.5569750036675,35,65,4.314835935272026
2024-08-11,Product C,West,1079.432593293394,47,79,2.6088949393884495
2024-09-26,Product E,North,1261.6591000218934,24,69,1.4503618661167779
2024-02-19,Product B,East,905.4739806417674,15,23,2.3991842472303677
2024-02-19,Product D,East,725.1037242779742,47,30,2.193089816936491
2024-12-17,Product E,West,748.923788861116,30,69,3.1770293480610032
2024-01-01,Product B,South,1056.6539071392742,29,51,1.669838978071954
2024-07-10,Product E,North,497.744290355829,38,31,4.930958163641543
2024-11-05,Product B,North,1322.91626188266,30,46,2.8719218499121735
2024-09-01,Product C,North,957.3730374731003,16,67,3.5949884555800726
2024-04-22,Product C,North,1060.6980444652424,30,23,2.246286958328916
2024-11-20,Product E,West,1162.6269774401121,16,68,1.2189308276999435
2024-07-19,Product E,South,785.5957969028705,38,76,1.2704189978895326
2024-01-18,Product A,East,1156.3839715041443,33,18,1.4765626879841927
2024-09-16,Product E,South,1038.262718311153,33,45,1.937997910696375
2024-08-15,Product D,South,933.0486485579739,16,51,1.2153220996338363
2024-12-27,Product A,North,971.8959814184906,49,54,3.74605577217301
2024-07-07,Product B,North,753.7326581482987,15,35,4.464142700183026
2024-10-12,Product B,South,1083.2075385894027,18,59,3.2497174964716837
2024-03-10,Product B,North,993.316306244886,4,63,2.594569976852256
2024-12-28,Product E,North,1341.6726262223244,47,29,4.816169060312343
2024-07-02,Product C,South,1033.0099270142516,20,41,1.274594664591489
2024-11-23,Product A,South,765.3989522466889,47,24,1.748497081642007
2024-11-14,Product A,East,772.0890647559139,35,79,2.507467521388754
2024-01-22,Product C,West,1183.7887359061597,42,51,4.359991042417374
2024-06-06,Product B,East,1238.3313723996582,17,55,2.2816051445608596
2024-07-25,Product C,West,711.7783364993613,34,52,4.043543910686038
2024-11-03,Product E,North,640.9759570224933,6,54,1.687506048543697
2024-08-06,Product E,North,945.1019734579899,40,43,3.0471218262779227
2024-03-05,Product D,South,669.3071577276125,43,34,4.27849947819058
2024-01-23,Product D,North,701.9923901254148,46,62,2.573282681540755
2024-03-18,Product C,South,695.2363519030065,10,67,2.24123392841819
2024-05-19,Product A,West,762.2893315587069,6,36,2.509452707186603
2024-02-14,Product A,East,1101.7163353398937,23,43,1.8395905183449228
2024-11-30,Product D,East,885.1548431161094,45,72,2.5688711737341605
2024-07-03,Product E,North,962.8813161175492,2,72,4.316602561136559
2024-12-01,Product E,South,1187.1849825536406,29,51,2.801129935326103
2024-06-17,Product C,South,1390.1482456992417,32,48,4.233072844865113
2024-04-14,Product A,North,1310.826295313877,39,27,1.5940271265747232
2024-08-13,Product D,North,573.1075224214981,17,50,1.7867527892512922
2024-07-09,Product B,East,1354.997143132947,41,49,2.4500079381260527
2024-06-03,Product D,North,1502.170476622618,46,76,4.203754886165721
2024-05-09,Product D,South,901.6174239197923,23,77,1.101394417055754
2024-07-21,Product B,North,1240.3242891364557,37,65,1.963215264292693
2024-06-14,Product A,North,571.3428290367427,33,34,1.9263960990555957
2024-11-08,Product B,West,1066.56505263163,24,26,2.371355859221803
2024-09-29,Product E,South,1095.8574012348865,29,41,1.3238149444627525
2024-09-30,Product B,West,1496.0851805476855,20,54,3.3974919714879452
2024-01-17,Product A,South,778.1885777622891,18,76,3.951711075995201
2024-02-16,Product C,West,1357.5698003240718,9,30,2.028250768756835
2024-09-27,Product D,North,1585.9909767237973,46,45,3.4969629479900726
2024-06-29,Product C,South,961.379398141623,33,59,3.214234130649432
2024-03-16,Product A,West,760.0178479894198,26,52,4.943072998342965
2024-12-21,Product E,South,427.59935886300775,7,63,3.9665091498075555
2024-07-07,Product A,North,1403.0470624552188,39,45,3.4768172691686194
2024-05-27,Product A,South,456.2996248687833,43,43,1.8162575541864023
2024-07-17,Product A,South,977.0910402038097,3,69,3.125427327010781
2024-01-02,Product D,South,909.3110702383931,49,29,4.84840841666011
2024-09-25,Product B,West,921.2021439051497,36,57,1.157060206594641
2024-03-27,Product E,East,899.0839163766591,17,79,1.55347280355276
2024-05-09,Product D,West,1201.459351518716,12,57,4.078986491428349
2024-04-09,Product C,South,1458.4094078163498,44,78,3.0627062043082924
2024-07-10,Product D,South,530.3126630831644,40,24,3.2219891206785256
2024-01-19,Product D,East,1307.7753957157834,43,54,4.107193748834523
2024-03-09,Product C,East,637.5463529063236,23,70,3.141391072246627
2024-09-27,Product C,North,924.5257507703263,6,34,3.0723086607902443
2024-11-23,Product E,North,1335.0501326589863,24,78,2.7415852935990057
2024-01-14,Product B,West,1055.9248509232139,38,61,1.3708592432410796
2024-02-03,Product A,South,817.5320477665722,31,68,2.929096000326174
2024-12-24,Product D,South,1108.934688323357,13,51,2.518949619286595
2024-08-01,Product A,West,700.2400883496921,12,34,3.8845294294272947
2024-09-18,Product E,East,1065.9390204994306,11,74,3.409876681829066
2024-11-24,Product B,West,793.423592609012,36,27,4.25259062067194
2024-04-21,Product D,North,874.8123679563994,42,29,3.026743163416011
2024-08-27,Product B,North,894.5124496417228,30,56,4.573618916351949
2024-12-08,Product A,North,1088.6289435165345,26,55,4.345662386319427
2024-07-07,Product D,South,1179.058654322279,6,34,3.4940767806966178
2024-10-20,Product C,South,930.3086518791491,8,38,3.0720417255043917
2024-12-06,Product A,South,541.1955038459923,18,73,4.00061291772605
2024-08-31,Product D,West,209.20963972326194,42,44,2.021413400915606
2024-06-28,Product B,West,992.0454253813126,23,51,2.6092281655294878
2024-08-19,Product E,East,1113.421238800421,7,57,4.775112445473477
2024-09-14,Product B,East,844.6922281392356,35,68,3.3104523225485347
2024-09-02,Product B,South,973.572626791278,24,25,1.4264944757463915
2024-06-20,Product E,South,1055.8040134597281,33,64,2.138401529218724
2024-03-29,Product D,South,1318.17770079471,19,35,2.82259819775951
2024-10-01,Product B,East,775.7865313761124,12,41,2.67654469776822
2024-01-18,Product A,West,840.5908399408934,5,43,3.1856282968485283
2024-01-13,Product C,North,1024.9569150164543,12,19,1.0641126258204925
2024-06-04,Product B,North,543.9472883324668,37,39,3.77967351912603
2024-05-06,Product E,East,1037.246977291391,16,40,3.326886109893907
2024-07-06,Product A,West,1212.9352871751064,15,54,3.1493619873727248
2024-11-25,Product D,North,725.2307818600841,15,59,2.9052894088276173
2024-09-19,Product D,West,658.4544730186951,35,32,1.736179088200854
2024-12-06,Product A,West,1168.9406365504778,37,40,2.304681016513014
2024-08-24,Product E,North,602.7739510402339,27,56,1.836389458358457
2024-05-30,Product C,West,1119.5331590070045,42,42,1.0351088477917179
2024-03-30,Product E,West,1131.1693292641123,48,50,1.3468262703825609
2024-01-12,Product E,South,1404.6641041363835,35,22,4.90786218450649
2024-08-13,Product E,East,1449.3095548124388,42,62,3.706468934210026
2024-03-18,Product C,South,1580.4043688241452,7,73,3.509871595064291
2024-04-10,Product C,South,677.7083841320539,43,74,1.94235291297871
2024-09-17,Product E,East,777.641979921076,4,48,3.5711096539197116
2024-10-18,Product A,East,806.7154547654352,12,51,4.207360673811223
2024-01-09,Product E,North,797.1276375272728,41,31,2.575020566261627
2024-09-11,Product E,South,671.690560734957,15,45,1.9133250094744434
2024-03-16,Product D,North,735.2622855303255,32,43,1.472953569888562
2024-09-07,Product C,West,572.9288073456617,35,63,4.5373737118851505
2024-03-30,Product A,South,735.773773119181,49,76,2.642926173964048
2024-07-17,Product B,North,1539.6175055053936,24,57,3.6453707157788977
2024-08-26,Product C,East,1267.3911060609266,26,33,3.1446215450109443
2024-01-27,Product D,West,1001.2689576982455,30,61,2.9018544246764817
2024-07-13,Product A,South,714.7413143599936,21,73,3.9075076245590865
2024-02-13,Product B,East,946.3434635475078,20,32,4.2908116868688255
2024-01-16,Product E,North,919.4062740070772,13,36,2.219612497540254
2024-07-24,Product D,West,449.0920648688808,20,69,4.8930435321219665
2024-10-26,Product A,West,941.1435562442601,2,22,1.0285683270729802
2024-02-11,Product A,North,798.6569179710635,39,22,2.800945146690469
2024-01-10,Product C,West,1058.7766445062832,1,45,4.845658161694557
2024-03-18,Product E,South,1560.7807849648723,21,66,1.0873868479448072
2024-03-09,Product B,North,894.7345679113002,40,55,2.828238637063105
2024-05-26,Product D,South,617.2611534100108,33,30,4.0475595775099364
2024-04-06,Product E,East,487.5641816175611,10,48,4.549698141481441
2024-03-11,Product B,East,1791.3084663891705,21,45,4.707630248583456
2024-11-07,Product D,West,1291.832318987505,5,73,2.888993995780634
2024-07-16,Product A,North,1035.3575956742643,19,50,4.995171743262619
2024-10-03,Product C,North,1507.007153625383,45,55,1.2556037681934953
2024-06-20,Product E,South,884.3852796811966,21,73,4.866233757522176
2024-07-16,Product C,North,1254.0839505309739,17,78,4.2427342813503675
2024-07-29,Product B,South,1043.952760287533,20,26,1.0567865378868948
2024-09-14,Product D,East,1097.337581305755,17,56,2.62258103778895
2024-07-15,Product D,West,458.84116223129047,24,46,1.9090442142386492
2024-11-02,Product E,South,1079.5595907844906,18,34,4.407383703355551
2024-07-21,Product C,East,806.1054112691968,17,18,2.3878358015103434
2024-09-08,Product A,East,981.2891981690038,35,39,4.186579476060553
2024-12-30,Product D,West,946.7010231924814,1,38,1.897531919199182
2024-05-08,Product B,East,910.8673158404376,39,77,3.0514515175079646
2024-01-27,Product D,South,899.0060186904143,39,66,3.2768258525177107
